-- phpMyAdmin SQL Dump
-- version 4.9.5deb2
-- https://www.phpmyadmin.net/
--
-- Host: localhost:3306
-- Generation Time: Nov 28, 2021 at 04:08 PM
-- Server version: 8.0.27-0ubuntu0.20.04.1
-- PHP Version: 7.4.3

SET SQL_MODE = "NO_AUTO_VALUE_ON_ZERO";
SET AUTOCOMMIT = 0;
START TRANSACTION;
SET time_zone = "+00:00";


/*!40101 SET @OLD_CHARACTER_SET_CLIENT=@@CHARACTER_SET_CLIENT */;
/*!40101 SET @OLD_CHARACTER_SET_RESULTS=@@CHARACTER_SET_RESULTS */;
/*!40101 SET @OLD_COLLATION_CONNECTION=@@COLLATION_CONNECTION */;
/*!40101 SET NAMES utf8mb4 */;

--
-- Database: `gs_belawan`
--

-- --------------------------------------------------------

--
-- Table structure for table `anggaran`
--

CREATE TABLE `anggaran` (
  `id_anggaran` int NOT NULL,
  `tahun` int NOT NULL,
  `id_divisi` int NOT NULL,
  `no_coa` varchar(15) NOT NULL,
  `kd_anggaran` varchar(30) NOT NULL,
  `jenis_anggaran` varchar(10) NOT NULL,
  `id_golongan` int NOT NULL,
  `id_subgolongan` int NOT NULL,
  `nm_item` varchar(200) NOT NULL,
  `id_satuan` varchar(5) DEFAULT NULL,
  `harga` bigint NOT NULL,
  `januari_kuantitas` int DEFAULT '0',
  `januari_nominal` bigint NOT NULL DEFAULT '0',
  `januari_realisasi` bigint NOT NULL DEFAULT '0',
  `februari_kuantitas` int DEFAULT '0',
  `februari_nominal` bigint NOT NULL DEFAULT '0',
  `februari_realisasi` bigint NOT NULL DEFAULT '0',
  `maret_kuantitas` int DEFAULT '0',
  `maret_nominal` bigint NOT NULL DEFAULT '0',
  `maret_realisasi` bigint NOT NULL DEFAULT '0',
  `april_kuantitas` int DEFAULT '0',
  `april_nominal` bigint NOT NULL DEFAULT '0',
  `april_realisasi` bigint NOT NULL DEFAULT '0',
  `mei_kuantitas` int DEFAULT '0',
  `mei_nominal` bigint NOT NULL DEFAULT '0',
  `mei_realisasi` bigint NOT NULL DEFAULT '0',
  `juni_kuantitas` int DEFAULT '0',
  `juni_nominal` bigint NOT NULL DEFAULT '0',
  `juni_realisasi` bigint NOT NULL DEFAULT '0',
  `juli_kuantitas` int DEFAULT '0',
  `juli_nominal` bigint NOT NULL DEFAULT '0',
  `juli_realisasi` bigint NOT NULL DEFAULT '0',
  `agustus_kuantitas` int DEFAULT '0',
  `agustus_nominal` bigint NOT NULL DEFAULT '0',
  `agustus_realisasi` bigint NOT NULL DEFAULT '0',
  `september_kuantitas` int DEFAULT '0',
  `september_nominal` bigint NOT NULL DEFAULT '0',
  `september_realisasi` bigint NOT NULL DEFAULT '0',
  `oktober_kuantitas` int DEFAULT '0',
  `oktober_nominal` bigint NOT NULL DEFAULT '0',
  `oktober_realisasi` bigint NOT NULL DEFAULT '0',
  `november_kuantitas` int DEFAULT '0',
  `november_nominal` bigint NOT NULL DEFAULT '0',
  `november_realisasi` bigint NOT NULL DEFAULT '0',
  `desember_kuantitas` int DEFAULT '0',
  `desember_nominal` bigint NOT NULL DEFAULT '0',
  `desember_realisasi` bigint NOT NULL DEFAULT '0',
  `jumlah_kuantitas` int NOT NULL DEFAULT '0',
  `jumlah_nominal` bigint NOT NULL DEFAULT '0',
  `jumlah_realisasi` bigint NOT NULL DEFAULT '0',
  `realisasi_kuantitas` int NOT NULL DEFAULT '0',
  `created_by` varchar(50) NOT NULL,
  `created_on` datetime NOT NULL,
  `last_modified_by` varchar(50) DEFAULT NULL,
  `last_modified_on` datetime NOT NULL,
  `row_version` varchar(5) NOT NULL DEFAULT '1'
) ENGINE=InnoDB DEFAULT CHARSET=latin1;

--
-- Dumping data for table `anggaran`
--

INSERT INTO `anggaran` (`id_anggaran`, `tahun`, `id_divisi`, `no_coa`, `kd_anggaran`, `jenis_anggaran`, `id_golongan`, `id_subgolongan`, `nm_item`, `id_satuan`, `harga`, `januari_kuantitas`, `januari_nominal`, `januari_realisasi`, `februari_kuantitas`, `februari_nominal`, `februari_realisasi`, `maret_kuantitas`, `maret_nominal`, `maret_realisasi`, `april_kuantitas`, `april_nominal`, `april_realisasi`, `mei_kuantitas`, `mei_nominal`, `mei_realisasi`, `juni_kuantitas`, `juni_nominal`, `juni_realisasi`, `juli_kuantitas`, `juli_nominal`, `juli_realisasi`, `agustus_kuantitas`, `agustus_nominal`, `agustus_realisasi`, `september_kuantitas`, `september_nominal`, `september_realisasi`, `oktober_kuantitas`, `oktober_nominal`, `oktober_realisasi`, `november_kuantitas`, `november_nominal`, `november_realisasi`, `desember_kuantitas`, `desember_nominal`, `desember_realisasi`, `jumlah_kuantitas`, `jumlah_nominal`, `jumlah_realisasi`, `realisasi_kuantitas`, `created_by`, `created_on`, `last_modified_by`, `last_modified_on`, `row_version`) VALUES
(1, 2021, 1, '6-1005', '61005-101', 'OPEX', 14, 26, 'BBM Motor Operasional', NULL, 19000, 1, 19000, 0, 1, 19000, 0, 1, 19000, 19000, 1, 19000, 0, 1, 19000, 0, 1, 19000, 0, 1, 19000, 0, 1, 19000, 0, 1, 19000, 0, 1, 19000, 0, 1, 19000, 0, 1, 19000, 0, 12, 190000, 19000, 0, 'system', '2021-11-23 20:04:24', 'system', '2021-11-23 20:04:24', '1'),
(2, 2021, 1, '6-1005', '61005-102', 'OPEX', 14, 26, 'BBM Mobil Operasional', NULL, 0, 0, 0, 0, 0, 0, 0, 0, 0, 0, 0, 0, 0, 0, 0, 0, 0, 0, 0, 0, 0, 0, 0, 0, 0, 0, 0, 0, 0, 0, 0, 0, 0, 0, 0, 0, 0, 0, 0, 0, 0, 'system', '2021-11-23 20:04:24', 'system', '2021-11-23 20:04:24', '1'),
(3, 2021, 1, '6-1016', '61016-101', 'OPEX', 70, 171, 'Beban Sewa Lahan Pelindo', NULL, 212966838, 1, 212966838, 212966838, 1, 212966838, 212966838, 1, 212966838, 212966838, 1, 212966838, 212966838, 1, 212966838, 212966838, 1, 212966838, 212966838, 1, 212966838, 212966838, 1, 212966838, 212966838, 1, 212966838, 212966838, 1, 212966838, 212966838, 1, 212966838, 0, 1, 212966838, 0, 12, 2129668380, 2129668380, 0, 'system', '2021-11-23 20:04:24', 'system', '2021-11-23 20:04:24', '1'),
(4, 2021, 1, '6-1016', '61016-102', 'OPEX', 70, 171, 'Beban Sewa Lahan Pelindo (Mesjid)', NULL, 1959167, 1, 1959167, 1959167, 1, 1959167, 1959167, 1, 1959167, 1959167, 1, 1959167, 1959167, 1, 1959167, 1959167, 1, 1959167, 1959167, 1, 1959167, 1959167, 1, 1959167, 0, 1, 1959167, 0, 1, 1959167, 1959167, 1, 1959167, 0, 1, 1959167, 0, 12, 19591667, 15673333, 0, 'system', '2021-11-23 20:04:24', 'system', '2021-11-23 20:04:24', '1'),
(5, 2021, 1, '6-1017', '61017-101', 'OPEX', 70, 213, 'Beban Admin Pelindo', NULL, 2129668, 1, 2129668, 2129668, 1, 2129668, 2129668, 1, 2129668, 2129668, 1, 2129668, 2129668, 1, 2129668, 2129668, 1, 2129668, 2129668, 1, 2129668, 2129668, 1, 2129668, 2129668, 1, 2129668, 2129668, 1, 2129668, 2129668, 1, 2129668, 0, 1, 2129668, 0, 12, 21296684, 21296684, 0, 'system', '2021-11-23 20:04:24', 'system', '2021-11-23 20:04:24', '1'),
(6, 2021, 1, '6-1017', '61017-102', 'OPEX', 70, 213, 'Beban Admin Pelindo (Mesjid)', NULL, 406000, 1, 406000, 0, 0, 0, 0, 0, 0, 0, 0, 0, 0, 0, 0, 0, 0, 0, 0, 0, 0, 0, 0, 0, 0, 0, 0, 0, 0, 0, 0, 0, 0, 0, 0, 0, 0, 1, 406000, 0, 0, 'system', '2021-11-23 20:04:24', 'system', '2021-11-23 20:04:24', '1'),
(7, 2021, 1, '6-2004', '62004-611', 'OPEX', 70, 213, 'Biaya Pengiriman Dokumen', NULL, 27000, 1, 27000, 0, 1, 27000, 0, 1, 27000, 0, 1, 27000, 31000, 1, 27000, 0, 1, 27000, 0, 1, 27000, 0, 1, 27000, 0, 1, 27000, 0, 1, 27000, 0, 1, 27000, 0, 1, 27000, 0, 12, 270000, 31000, 0, 'system', '2021-11-23 20:04:24', 'system', '2021-11-23 20:04:24', '1'),
(8, 2021, 1, '6-2007', '62007-118', 'OPEX', 70, 213, 'Administrasi Perindo', NULL, 849200, 1, 849200, 849200, 1, 849200, 849200, 1, 849200, 849200, 1, 849200, 849200, 1, 849200, 849200, 1, 849200, 849200, 1, 849200, 849200, 1, 849200, 849200, 1, 849200, 849200, 1, 849200, 849200, 1, 849200, 0, 1, 849200, 0, 12, 8492000, 8492000, 0, 'system', '2021-11-23 20:04:24', 'system', '2021-11-23 20:04:24', '1'),
(9, 2021, 1, '6-2009', '62009-102', 'OPEX', 29, 67, 'Flasdisk 8GB', NULL, 110000, 0, 0, 0, 0, 0, 0, 1, 110000, 0, 0, 0, 0, 0, 0, 0, 0, 0, 0, 0, 0, 0, 0, 0, 0, 0, 0, 0, 0, 0, 0, 0, 0, 0, 0, 0, 0, 1, 110000, 0, 0, 'system', '2021-11-23 20:04:24', 'system', '2021-11-23 20:04:24', '1'),
(10, 2021, 1, '6-2009', '62009-104', 'OPEX', 29, 67, 'Whiteboard', NULL, 800000, 1, 800000, 0, 0, 0, 0, 0, 0, 0, 0, 0, 0, 0, 0, 0, 0, 0, 0, 0, 0, 0, 0, 0, 0, 0, 0, 0, 0, 0, 0, 0, 0, 0, 0, 0, 0, 1, 800000, 0, 0, 'system', '2021-11-23 20:04:24', 'system', '2021-11-23 20:04:24', '1'),
(11, 2021, 1, '6-2009', '62009-105', 'OPEX', 29, 67, 'Kalkulator', NULL, 75000, 0, 0, 0, 0, 0, 0, 0, 0, 0, 0, 0, 0, 1, 75000, 0, 0, 0, 0, 0, 0, 0, 0, 0, 0, 0, 0, 0, 0, 0, 0, 0, 0, 0, 0, 0, 0, 1, 75000, 0, 0, 'system', '2021-11-23 20:04:24', 'system', '2021-11-23 20:04:24', '1'),
(12, 2021, 1, '6-2009', '62009-201', 'OPEX', 29, 67, 'Tinta Printer Epson Refill 003', NULL, 70000, 4, 280000, 0, 0, 0, 70000, 1, 70000, 0, 4, 280000, 0, 0, 0, 70000, 1, 70000, 0, 0, 0, 70000, 4, 280000, 0, 0, 0, 0, 1, 70000, 70000, 4, 280000, 0, 0, 0, 0, 19, 1050000, 280000, 0, 'system', '2021-11-23 20:04:24', 'system', '2021-11-23 20:04:24', '1'),
(13, 2021, 1, '6-2009', '62009-303', 'OPEX', 29, 67, 'Stempel ', NULL, 110000, 0, 0, 0, 0, 0, 0, 0, 0, 0, 0, 0, 0, 0, 0, 0, 1, 110000, 0, 0, 0, 0, 0, 0, 0, 0, 0, 0, 0, 0, 0, 0, 0, 0, 0, 0, 0, 1, 110000, 0, 0, 'system', '2021-11-23 20:04:24', 'system', '2021-11-23 20:04:24', '1'),
(14, 2021, 1, '6-2016', '62016-101', 'OPEX', 33, 79, 'Biaya PBB Perindo', NULL, 27808911, 0, 0, 0, 0, 0, 0, 0, 0, 0, 0, 0, 0, 0, 0, 0, 0, 0, 0, 0, 0, 0, 1, 27808911, 23336100, 0, 0, 0, 0, 0, 0, 0, 0, 0, 0, 0, 0, 1, 27808911, 23336100, 0, 'system', '2021-11-23 20:04:24', 'system', '2021-11-23 20:04:24', '1'),
(15, 2021, 1, '6-2016', '62016-102', 'OPEX', 33, 79, 'Biaya PBB  Pelindo Lahan', NULL, 210996587, 0, 0, 0, 1, 139828128, 0, 1, 139828128, 0, 1, 139828128, 0, 0, 0, 0, 0, 0, 0, 0, 0, 0, 1, 210996587, 178576456, 0, 0, 0, 0, 0, 0, 0, 0, 0, 0, 0, 0, 4, 630480971, 178576456, 0, 'system', '2021-11-23 20:04:24', 'system', '2021-11-23 20:04:24', '1'),
(16, 2021, 1, '6-2027', '62027-101', 'OPEX', 33, 79, 'Biaya Perindo (sewa Lahan)', NULL, 84920000, 1, 84920000, 84920000, 1, 84920000, 84920000, 1, 84920000, 84920000, 1, 84920000, 84920000, 1, 84920000, 84920000, 1, 84920000, 84920000, 1, 84920000, 84920000, 1, 84920000, 84920000, 1, 84920000, 84920000, 1, 84920000, 84920000, 1, 84920000, 0, 1, 84920000, 0, 12, 849200000, 849200000, 0, 'system', '2021-11-23 20:04:24', 'system', '2021-11-23 20:04:24', '1'),
(17, 2021, 1, '6-2031', '62031-101', 'OPEX', 33, 79, 'Biaya Kebersihan Perindo', NULL, 887900, 1, 887900, 887900, 1, 887900, 887900, 1, 887900, 887900, 1, 887900, 887900, 1, 887900, 887900, 1, 887900, 887900, 1, 887900, 887900, 1, 887900, 887900, 1, 887900, 0, 1, 887900, 1775800, 1, 887900, 0, 1, 887900, 0, 12, 8879000, 8879000, 0, 'system', '2021-11-23 20:04:24', 'system', '2021-11-23 20:04:24', '1'),
(18, 2021, 2, '6-1010', '61010-107', 'OPEX', 36, 90, 'Perawatan dan perbaikan Inventaris kantor/kursi', NULL, 1500000, 0, 0, 0, 0, 0, 0, 1, 1500000, 0, 0, 0, 0, 0, 0, 0, 0, 0, 0, 0, 0, 0, 0, 0, 0, 0, 0, 0, 0, 0, 0, 0, 0, 0, 0, 0, 0, 1, 1500000, 0, 0, 'system', '2021-11-23 20:21:52', 'system', '2021-11-23 20:21:52', '1'),
(19, 2021, 2, '6-2004', '62004-105', 'OPEX', 24, 5, 'Kebutuhan Kebersihan', NULL, 0, 0, 0, 0, 0, 0, 0, 0, 0, 0, 0, 0, 0, 0, 0, 66500, 0, 0, 0, 0, 0, 0, 0, 0, 0, 0, 0, 0, 0, 0, 0, 0, 0, 0, 0, 0, 0, 0, 0, 66500, 0, 'system', '2021-11-23 20:21:52', 'system', '2021-11-23 20:21:52', '1'),
(20, 2021, 2, '6-2004', '62004-109', 'OPEX', 24, 5, 'Koran', NULL, 95000, 4, 380000, 95000, 4, 380000, 285000, 4, 380000, 190000, 4, 380000, 190000, 4, 380000, 95000, 4, 380000, 190000, 4, 380000, 190000, 4, 380000, 285000, 4, 380000, 190000, 4, 380000, 190000, 4, 380000, 0, 4, 380000, 0, 48, 3800000, 1900000, 0, 'system', '2021-11-23 20:21:52', 'system', '2021-11-23 20:21:52', '1'),
(21, 2021, 2, '6-2004', '62004-201', 'OPEX', 24, 5, 'Akomodasi  Makan Manager', NULL, 0, 0, 0, 0, 0, 0, 0, 0, 0, 0, 0, 0, 0, 0, 0, 0, 0, 0, 0, 0, 0, 0, 0, 0, 0, 0, 0, 0, 0, 0, 0, 0, 0, 0, 0, 0, 0, 0, 0, 0, 0, 'system', '2021-11-23 20:21:52', 'system', '2021-11-23 20:21:52', '1'),
(22, 2021, 2, '6-2004', '62004-203', 'OPEX', 24, 5, 'Akomodasi Makan Direksi', NULL, 7500000, 1, 0, 0, 1, 0, 0, 1, 0, 0, 1, 0, 0, 1, 0, 0, 1, 0, 0, 1, 0, 0, 1, 0, 0, 1, 0, 0, 1, 0, 0, 1, 0, 0, 1, 0, 0, 12, 0, 0, 0, 'system', '2021-11-23 20:21:52', 'system', '2021-11-23 20:21:52', '1'),
(23, 2021, 2, '6-2004', '62004-302', 'OPEX', 24, 5, 'Akomodasi Meeting', NULL, 1500000, 1, 1500000, 610000, 2, 3000000, 54752800, 1, 1500000, 5843500, 2, 3000000, 1502000, 1, 1500000, 4264100, 2, 3000000, 44962400, 1, 1500000, 0, 2, 3000000, 450000, 1, 1500000, 6173900, 2, 3000000, 0, 1, 1500000, 0, 2, 3000000, 0, 18, 22500000, 118558700, 0, 'system', '2021-11-23 20:21:52', 'system', '2021-11-23 20:21:52', '1'),
(24, 2021, 2, '6-2004', '62004-303', 'OPEX', 24, 5, 'Audit Mutu Eksternal', NULL, 0, 0, 0, 0, 0, 0, 0, 0, 0, 0, 0, 0, 0, 0, 0, 0, 0, 0, 0, 0, 0, 0, 0, 0, 0, 1, 6300000, 0, 0, 0, 0, 0, 0, 0, 0, 0, 0, 1, 6300000, 0, 0, 'system', '2021-11-23 20:21:52', 'system', '2021-11-23 20:21:52', '1'),
(25, 2021, 2, '6-2004', '62004-304', 'OPEX', 24, 5, 'Audit Mutu Internal', NULL, 0, 0, 0, 0, 0, 0, 0, 0, 0, 0, 0, 0, 0, 0, 0, 0, 0, 0, 0, 0, 0, 0, 1, 1600000, 0, 0, 0, 0, 0, 0, 1586000, 0, 0, 0, 0, 0, 0, 1, 1600000, 1586000, 0, 'system', '2021-11-23 20:21:52', 'system', '2021-11-23 20:21:52', '1'),
(26, 2021, 2, '6-2004', '62004-305', 'OPEX', 24, 5, 'Audit OHSAS', NULL, 0, 0, 0, 0, 0, 0, 0, 0, 0, 0, 0, 0, 0, 0, 0, 0, 0, 0, 0, 0, 0, 0, 1, 6300000, 0, 0, 0, 0, 0, 0, 0, 0, 0, 0, 0, 0, 0, 1, 6300000, 0, 0, 'system', '2021-11-23 20:21:52', 'system', '2021-11-23 20:21:52', '1'),
(27, 2021, 2, '6-2004', '62004-306', 'OPEX', 24, 5, 'Rapat Tinjuan Manajemen', NULL, 0, 0, 0, 0, 0, 0, 0, 0, 0, 0, 0, 0, 0, 0, 0, 0, 0, 0, 0, 0, 0, 0, 0, 0, 0, 1, 3500000, 0, 0, 0, 0, 0, 0, 0, 0, 0, 0, 1, 3500000, 0, 0, 'system', '2021-11-23 20:21:52', 'system', '2021-11-23 20:21:52', '1'),
(28, 2021, 2, '6-2004', '62004-307', 'OPEX', 24, 5, 'Audit ISO', NULL, 0, 0, 0, 16000000, 0, 0, 0, 0, 0, 0, 0, 0, 0, 0, 0, 0, 0, 0, 0, 0, 0, 0, 0, 0, 0, 0, 0, 0, 0, 0, 0, 0, 0, 0, 0, 0, 0, 0, 0, 16000000, 0, 'system', '2021-11-23 20:21:52', 'system', '2021-11-23 20:21:52', '1'),
(29, 2021, 2, '6-2004', '62004-402', 'OPEX', 24, 5, 'Pencegahan dan Pembasmi Virus Corona', NULL, 3000000, 0, 0, 1595000, 0, 0, 176000, 0, 0, 1491500, 0, 0, 6564000, 0, 0, 223900, 0, 0, 300000, 0, 0, 0, 0, 0, 0, 0, 0, 235900, 0, 0, 0, 0, 0, 0, 0, 0, 0, 0, 0, 10586300, 0, 'system', '2021-11-23 20:21:52', 'system', '2021-11-23 20:21:52', '1'),
(30, 2021, 2, '6-2004', '62004-404', 'OPEX', 24, 5, 'Perlengkapan K3 ( helm , rompi, Sepatu Safety dll ) ', NULL, 200000, 0, 0, 0, 0, 0, 0, 30, 0, 0, 0, 0, 0, 0, 0, 0, 0, 0, 0, 0, 0, 0, 0, 0, 0, 0, 0, 5200000, 0, 0, 0, 0, 0, 0, 0, 0, 0, 30, 0, 5200000, 0, 'system', '2021-11-23 20:21:52', 'system', '2021-11-23 20:21:52', '1'),
(31, 2021, 2, '6-2004', '62004-601', 'OPEX', 24, 5, 'Acara Perayaan Kemerdekaan RI', NULL, 16500000, 0, 0, 0, 0, 0, 0, 0, 0, 0, 0, 0, 0, 0, 0, 0, 0, 0, 0, 0, 0, 0, 1, 0, 0, 0, 0, 0, 0, 0, 0, 0, 0, 0, 0, 0, 0, 1, 0, 0, 0, 'system', '2021-11-23 20:21:52', 'system', '2021-11-23 20:21:52', '1'),
(32, 2021, 2, '6-2004', '62004-606', 'OPEX', 24, 5, 'Akomodasi Idul Adha', NULL, 85000000, 0, 0, 0, 0, 0, 0, 0, 0, 0, 0, 0, 0, 0, 0, 0, 0, 0, 0, 1, 85000000, 80108200, 0, 0, 0, 0, 0, 0, 0, 0, 0, 0, 0, 0, 0, 0, 0, 1, 85000000, 80108200, 0, 'system', '2021-11-23 20:21:52', 'system', '2021-11-23 20:21:52', '1'),
(33, 2021, 2, '6-2004', '62004-607', 'OPEX', 24, 5, 'Buka Puasa Bersama', NULL, 95000000, 0, 0, 0, 0, 0, 0, 0, 0, 0, 0, 0, 0, 0, 14044800, 0, 0, 0, 0, 1, 0, 0, 0, 0, 0, 0, 0, 0, 0, 0, 0, 0, 0, 0, 0, 0, 0, 1, 14044800, 0, 0, 'system', '2021-11-23 20:21:52', 'system', '2021-11-23 20:21:52', '1'),
(34, 2021, 2, '6-2004', '62004-608', 'OPEX', 24, 5, 'Paket Lebaran', NULL, 58500000, 0, 0, 0, 0, 0, 0, 0, 0, 0, 0, 0, 0, 0, 58500000, 55410000, 0, 0, 0, 1, 0, 0, 0, 0, 0, 0, 0, 0, 0, 0, 0, 0, 0, 0, 0, 0, 0, 1, 58500000, 55410000, 0, 'system', '2021-11-23 20:21:52', 'system', '2021-11-23 20:21:52', '1'),
(35, 2021, 2, '6-2004', '62004-610', 'OPEX', 24, 5, 'Sembako Menyambut Bulan Puasa', NULL, 0, 0, 0, 0, 0, 0, 0, 0, 0, 0, 0, 0, 0, 0, 0, 0, 0, 38000000, 0, 0, 0, 0, 0, 0, 0, 0, 0, 0, 0, 0, 0, 0, 0, 0, 0, 0, 0, 0, 38000000, 0, 0, 'system', '2021-11-23 20:21:52', 'system', '2021-11-23 20:21:52', '1'),
(36, 2021, 2, '6-2004', '62004-609', 'OPEX', 24, 5, 'Aksesoris Mobil  (tissue dan parfum)', NULL, 75000, 1, 75000, 0, 1, 75000, 0, 1, 75000, 0, 1, 75000, 0, 1, 75000, 0, 1, 75000, 0, 1, 75000, 0, 1, 75000, 0, 1, 75000, 148100, 1, 75000, 0, 1, 75000, 0, 1, 75000, 0, 12, 750000, 148100, 0, 'system', '2021-11-23 20:21:52', 'system', '2021-11-23 20:21:52', '1'),
(37, 2021, 2, '6-2004', '62004-611', 'OPEX', 24, 5, 'Biaya Pengiriman Dokumen', NULL, 50000, 5, 250000, 0, 0, 0, 0, 5, 250000, 0, 0, 0, 0, 5, 250000, 0, 0, 0, 0, 5, 250000, 0, 0, 0, 25000, 5, 250000, 0, 0, 0, 126000, 5, 250000, 0, 0, 0, 0, 30, 1250000, 151000, 0, 'system', '2021-11-23 20:21:52', 'system', '2021-11-23 20:21:52', '1'),
(38, 2021, 2, '6-2004', '62004-623', 'OPEX', 24, 5, 'Katering Harian', NULL, 45000, 100, 4500000, 2572000, 100, 4500000, 2246000, 100, 4500000, 3588000, 120, 5400000, 1579000, 100, 4500000, 560000, 100, 4500000, 3966000, 100, 4500000, 3483000, 100, 4500000, 3835000, 105, 4725000, 2975000, 100, 4500000, 2587000, 110, 4950000, 0, 110, 4950000, 0, 1245, 46125000, 27391000, 0, 'system', '2021-11-23 20:21:52', 'system', '2021-11-23 20:21:52', '1'),
(39, 2021, 2, '6-2004', '62004-625', 'OPEX', 24, 5, 'Obat-obatan (tolak angin direksi)', NULL, 120000, 3, 360000, 0, 0, 0, 0, 3, 360000, 0, 0, 0, 0, 3, 360000, 0, 0, 0, 787500, 3, 360000, 0, 0, 0, 0, 3, 360000, 0, 0, 0, 0, 3, 360000, 0, 0, 0, 0, 18, 1800000, 787500, 0, 'system', '2021-11-23 20:21:52', 'system', '2021-11-23 20:21:52', '1'),
(40, 2021, 2, '6-2004', '62004-626', 'OPEX', 24, 5, 'Rokok ', NULL, 300000, 1, 300000, 0, 1, 300000, 565000, 1, 300000, 44000, 1, 300000, 150400, 1, 300000, 0, 1, 300000, 0, 1, 300000, 0, 1, 300000, 0, 1, 300000, 0, 1, 300000, 0, 1, 300000, 0, 1, 300000, 0, 12, 3000000, 759400, 0, 'system', '2021-11-23 20:21:52', 'system', '2021-11-23 20:21:52', '1'),
(41, 2021, 2, '6-2004', '62004-627', 'OPEX', 24, 5, 'Snack Direksi (konsumsi/ makanan ringan)', NULL, 0, 5, 400000, 0, 5, 400000, 0, 4, 400000, 1067400, 5, 400000, 0, 5, 400000, 0, 5, 400000, 60400, 5, 400000, 0, 5, 400000, 0, 5, 400000, 2248000, 5, 400000, 676000, 5, 400000, 0, 5, 400000, 0, 59, 4000000, 4051800, 0, 'system', '2021-11-23 20:21:52', 'system', '2021-11-23 20:21:52', '1'),
(42, 2021, 2, '6-2004', '62004-632', 'OPEX', 24, 5, 'Spanduk', NULL, 0, 0, 0, 0, 0, 0, 0, 0, 0, 0, 0, 0, 1440940, 0, 0, 50000, 0, 0, 0, 0, 0, 0, 0, 0, 0, 0, 0, 431980, 0, 0, 0, 0, 0, 0, 0, 0, 0, 0, 0, 1922920, 0, 'system', '2021-11-23 20:21:52', 'system', '2021-11-23 20:21:52', '1'),
(43, 2021, 2, '6-2004', '62004-634', 'OPEX', 24, 5, 'Takjil', NULL, 750000, 0, 0, 0, 0, 0, 0, 0, 0, 0, 0, 18750000, 5775000, 0, 0, 6825000, 25, 0, 0, 0, 0, 0, 0, 0, 0, 0, 0, 0, 0, 0, 0, 0, 0, 0, 0, 0, 0, 25, 18750000, 12600000, 0, 'system', '2021-11-23 20:21:52', 'system', '2021-11-23 20:21:52', '1'),
(44, 2021, 2, '6-2004', '62004-635', 'OPEX', 24, 5, 'Ulang Tahun Direksi', NULL, 14000000, 0, 0, 0, 0, 0, 0, 1, 14000000, 12034700, 1, 14000000, 9653500, 0, 0, 0, 0, 0, 0, 1, 14000000, 0, 0, 0, 10950000, 0, 0, 0, 0, 0, 0, 0, 0, 0, 1, 14000000, 0, 4, 42000000, 32638200, 0, 'system', '2021-11-23 20:21:52', 'system', '2021-11-23 20:21:52', '1'),
(45, 2021, 2, '6-2004', '62004-640', 'OPEX', 24, 5, 'Bingkai Sertifikat', NULL, 0, 0, 250000, 0, 0, 250000, 0, 0, 250000, 0, 0, 250000, 0, 0, 250000, 0, 0, 250000, 0, 0, 250000, 150000, 0, 250000, 0, 0, 250000, 0, 0, 250000, 0, 0, 250000, 0, 0, 250000, 0, 0, 2500000, 150000, 0, 'system', '2021-11-23 20:21:52', 'system', '2021-11-23 20:21:52', '1'),
(46, 2021, 2, '6-2007', '62007-112', 'OPEX', 27, 63, 'Pengurusan Perpanjangan Izin Domisili', NULL, 15000000, 0, 0, 0, 0, 0, 0, 0, 0, 0, 0, 0, 0, 0, 0, 0, 0, 0, 0, 0, 0, 0, 0, 0, 0, 0, 0, 0, 0, 0, 0, 0, 0, 0, 0, 0, 0, 0, 0, 0, 0, 'system', '2021-11-23 20:21:52', 'system', '2021-11-23 20:21:52', '1'),
(47, 2021, 2, '6-2009', '62009-101', 'OPEX', 38, 9, 'Refill Tinta Parker (Pulpen)', NULL, 75000, 2, 150000, 240000, 0, 0, 0, 0, 0, 0, 2, 150000, 240000, 0, 0, 0, 0, 0, 0, 2, 150000, 0, 0, 0, 0, 0, 0, 0, 2, 150000, 250000, 0, 0, 0, 0, 0, 0, 8, 600000, 730000, 0, 'system', '2021-11-23 20:21:52', 'system', '2021-11-23 20:21:52', '1'),
(48, 2021, 2, '6-2009', '62009-102', 'OPEX', 38, 9, 'Flashdisk 8 GB', NULL, 110000, 3, 330000, 0, 0, 0, 0, 0, 0, 0, 0, 0, 0, 3, 330000, 0, 0, 0, 0, 0, 0, 0, 0, 0, 0, 3, 330000, 0, 0, 0, 0, 0, 0, 0, 0, 0, 0, 9, 990000, 0, 0, 'system', '2021-11-23 20:21:52', 'system', '2021-11-23 20:21:52', '1'),
(49, 2021, 2, '6-2009', '62009-105', 'OPEX', 38, 9, 'Kalkulator', NULL, 165000, 1, 165000, 0, 0, 0, 0, 0, 0, 0, 0, 0, 0, 0, 0, 0, 0, 0, 0, 0, 0, 0, 1, 165000, 0, 0, 0, 0, 0, 0, 0, 0, 0, 0, 0, 0, 0, 2, 330000, 0, 0, 'system', '2021-11-23 20:21:52', 'system', '2021-11-23 20:21:52', '1'),
(50, 2021, 2, '6-2009', '62009-106', 'OPEX', 38, 9, 'Rak Bertingkat', NULL, 130000, 2, 260000, 0, 0, 0, 0, 0, 0, 0, 0, 0, 0, 0, 0, 0, 0, 0, 0, 0, 0, 0, 0, 0, 0, 0, 0, 0, 0, 0, 0, 0, 0, 0, 0, 0, 0, 2, 260000, 0, 0, 'system', '2021-11-23 20:21:52', 'system', '2021-11-23 20:21:52', '1'),
(51, 2021, 2, '6-2009', '62009-110', 'OPEX', 38, 9, 'Soft Board Uk. 90x60', NULL, 150000, 0, 0, 0, 0, 0, 0, 0, 0, 0, 0, 0, 0, 0, 0, 0, 1, 150000, 0, 0, 0, 0, 0, 0, 0, 0, 0, 0, 0, 0, 0, 0, 0, 0, 0, 0, 0, 1, 150000, 0, 0, 'system', '2021-11-23 20:21:52', 'system', '2021-11-23 20:21:52', '1'),
(52, 2021, 2, '6-2009', '62009-111', 'OPEX', 38, 9, 'Lakban', NULL, 99000, 2, 198000, 0, 0, 0, 0, 0, 0, 0, 0, 0, 0, 0, 0, 0, 0, 0, 0, 0, 0, 0, 0, 0, 0, 0, 0, 0, 0, 0, 0, 0, 0, 0, 0, 0, 0, 2, 198000, 0, 0, 'system', '2021-11-23 20:21:52', 'system', '2021-11-23 20:21:52', '1'),
(53, 2021, 2, '6-2009', '62009-116', 'OPEX', 38, 9, 'Kertas Concord', NULL, 0, 0, 0, 0, 0, 0, 0, 0, 0, 0, 0, 0, 0, 0, 0, 0, 0, 0, 0, 0, 0, 0, 0, 0, 0, 0, 0, 170000, 0, 0, 0, 0, 0, 0, 0, 0, 0, 0, 0, 170000, 0, 'system', '2021-11-23 20:21:52', 'system', '2021-11-23 20:21:52', '1'),
(54, 2021, 2, '6-2009', '62009-204', 'OPEX', 38, 9, 'Tinta Printer Epson T664', NULL, 115000, 4, 460000, 0, 0, 0, 0, 0, 0, 0, 0, 0, 280000, 4, 460000, 0, 0, 0, 0, 0, 0, 0, 0, 0, 210000, 4, 460000, 0, 0, 0, 0, 0, 0, 0, 0, 0, 0, 12, 1380000, 490000, 0, 'system', '2021-11-23 20:21:52', 'system', '2021-11-23 20:21:52', '1'),
(55, 2021, 2, '6-2009', '62009-303', 'OPEX', 38, 9, 'Stempel', NULL, 150000, 1, 150000, 0, 0, 0, 0, 0, 0, 0, 0, 0, 0, 1, 150000, 0, 0, 0, 0, 0, 0, 0, 0, 0, 0, 1, 150000, 0, 0, 0, 0, 0, 0, 0, 0, 0, 0, 3, 450000, 0, 0, 'system', '2021-11-23 20:21:52', 'system', '2021-11-23 20:21:52', '1'),
(56, 2021, 2, '6-2009', '62009-304', 'OPEX', 38, 9, 'Jilid ISO', NULL, 160000, 0, 0, 0, 1, 160000, 0, 0, 0, 0, 0, 0, 0, 0, 0, 0, 0, 0, 0, 0, 0, 0, 0, 0, 0, 0, 0, 0, 0, 0, 0, 0, 0, 0, 0, 0, 0, 1, 160000, 0, 0, 'system', '2021-11-23 20:21:52', 'system', '2021-11-23 20:21:52', '1'),
(57, 2021, 2, '6-2009', '62009-306', 'OPEX', 38, 9, 'kartu nama', NULL, 0, 0, 0, 0, 0, 0, 0, 0, 0, 115000, 0, 0, 0, 0, 0, 0, 0, 0, 0, 0, 0, 0, 0, 0, 0, 0, 0, 0, 0, 0, 0, 0, 0, 0, 0, 0, 0, 0, 0, 115000, 0, 'system', '2021-11-23 20:21:52', 'system', '2021-11-23 20:21:52', '1'),
(58, 2021, 2, '6-2010', '62010-101', 'OPEX', 55, 60, 'Biaya konsultan ISO', NULL, 19800000, 0, 0, 0, 0, 0, 0, 0, 0, 0, 0, 0, 0, 0, 0, 0, 0, 0, 0, 0, 0, 0, 1, 0, 0, 0, 0, 0, 0, 0, 0, 0, 0, 0, 0, 0, 0, 1, 0, 0, 0, 'system', '2021-11-23 20:21:52', 'system', '2021-11-23 20:21:52', '1'),
(59, 2021, 2, '6-2010', '62010-102', 'OPEX', 55, 60, 'Biaya konsultan OHSAS', NULL, 49500000, 0, 0, 0, 0, 0, 0, 0, 0, 0, 0, 0, 0, 0, 0, 0, 0, 0, 0, 1, 0, 0, 0, 0, 0, 0, 0, 0, 0, 0, 0, 0, 0, 0, 0, 0, 0, 1, 0, 0, 0, 'system', '2021-11-23 20:21:52', 'system', '2021-11-23 20:21:52', '1'),
(60, 2021, 2, '6-2026', '62026-106', 'OPEX', 20, 40, 'Sumbangan', NULL, 250000, 5, 1250000, 0, 5, 1250000, 150000, 5, 1250000, 350000, 5, 1250000, 2781000, 5, 1250000, 0, 5, 1250000, 0, 5, 1250000, 150000, 5, 1250000, 1120000, 5, 1250000, 750000, 5, 1250000, 0, 5, 1250000, 0, 5, 1250000, 0, 60, 12500000, 5301000, 0, 'system', '2021-11-23 20:21:52', 'system', '2021-11-23 20:21:52', '1'),
(61, 2021, 2, '6-2026', '62026-107', 'OPEX', 20, 40, 'Karangan Bunga', NULL, 550000, 3, 0, 0, 2, 900000, 0, 3, 300000, 300000, 2, 250000, 200000, 3, 0, 300000, 2, 0, 0, 3, 0, 250000, 2, 0, 1130000, 3, 780000, 300000, 2, 180000, 0, 3, 1700000, 0, 2, 0, 0, 30, 2410000, 2480000, 0, 'system', '2021-11-23 20:21:52', 'system', '2021-11-23 20:21:52', '1'),
(62, 2021, 3, '6-1002', '61002-101', 'OPEX', 11, 8, 'Biaya Materai', NULL, 10000, 500, 7986875, 3683000, 500, 7986875, 2700000, 500, 7986875, 2850000, 500, 7986875, 2860000, 500, 7986875, 3450000, 500, 7986875, 2410000, 500, 7986875, 3070000, 500, 7986875, 2110000, 500, 7986875, 1820000, 500, 7986875, 2750000, 500, 7986875, 0, 500, 7986875, 0, 6000, 79868750, 27703000, 0, 'system', '2021-11-24 09:43:37', 'system', '2021-11-24 09:43:37', '1'),
(63, 2021, 3, '6-1010', '61010-102', 'OPEX', 36, 90, 'Tiang Antrian', NULL, 800000, 0, 0, 0, 0, 0, 0, 5, 4000000, 0, 0, 0, 0, 0, 0, 0, 0, 0, 0, 0, 0, 0, 0, 0, 0, 0, 0, 0, 0, 0, 0, 0, 0, 0, 0, 0, 0, 5, 4000000, 0, 0, 'system', '2021-11-24 09:43:37', 'system', '2021-11-24 09:43:37', '1'),
(64, 2021, 3, '6-1010', '61010-102', 'OPEX', 36, 90, 'Kursi beroda', NULL, 400000, 0, 0, 0, 0, 0, 0, 0, 0, 0, 4, 1600000, 0, 0, 0, 0, 0, 0, 0, 0, 0, 0, 0, 0, 0, 0, 0, 0, 0, 0, 0, 0, 0, 0, 0, 0, 0, 4, 1600000, 0, 0, 'system', '2021-11-24 09:43:37', 'system', '2021-11-24 09:43:37', '1'),
(65, 2021, 3, '6-1010', '61010-107', 'OPEX', 36, 90, 'Perawatan dan Perbaikan Inventaris Kantor', NULL, 0, 0, 0, 0, 0, 0, 0, 0, 0, 0, 0, 0, 0, 0, 0, 0, 0, 0, 0, 0, 0, 0, 0, 0, 0, 0, 0, 0, 0, 0, 0, 0, 0, 0, 0, 0, 0, 0, 0, 0, 0, 'system', '2021-11-24 09:43:37', 'system', '2021-11-24 09:43:37', '1'),
(66, 2021, 3, '6-1010', '61010-107', 'OPEX', 36, 90, 'Perawatan Lampu Uv Detector Uang', NULL, 0, 0, 0, 0, 0, 0, 0, 0, 0, 0, 0, 0, 0, 0, 0, 0, 0, 0, 0, 0, 0, 0, 0, 0, 0, 0, 0, 0, 0, 0, 0, 0, 0, 0, 0, 0, 0, 0, 0, 0, 0, 'system', '2021-11-24 09:43:37', 'system', '2021-11-24 09:43:37', '1'),
(67, 2021, 3, '6-1010', '61010-107', 'OPEX', 36, 90, 'Papan Tulis Besar', NULL, 0, 0, 0, 0, 0, 0, 0, 0, 0, 0, 0, 0, 0, 0, 0, 0, 0, 0, 0, 0, 0, 0, 0, 0, 0, 0, 0, 0, 0, 0, 0, 0, 0, 0, 0, 0, 0, 0, 0, 0, 0, 'system', '2021-11-24 09:43:37', 'system', '2021-11-24 09:43:37', '1'),
(68, 2021, 3, '6-1010', '61010-107', 'OPEX', 36, 90, 'Perawatan Mesin Uang NCL P-106A', NULL, 0, 0, 0, 0, 0, 0, 0, 0, 0, 0, 0, 0, 0, 0, 0, 0, 0, 0, 0, 0, 0, 0, 0, 0, 0, 0, 0, 0, 0, 0, 0, 0, 0, 0, 0, 0, 0, 0, 0, 0, 0, 'system', '2021-11-24 09:43:37', 'system', '2021-11-24 09:43:37', '1'),
(69, 2021, 3, '6-1010', '61010-107', 'OPEX', 36, 90, 'Perawatan Mesin Uang Dynamic 3.200', NULL, 0, 0, 0, 0, 0, 0, 0, 0, 0, 0, 0, 0, 0, 0, 0, 0, 0, 0, 0, 0, 0, 0, 0, 0, 0, 0, 0, 0, 0, 0, 0, 0, 0, 0, 0, 0, 0, 0, 0, 0, 0, 'system', '2021-11-24 09:43:37', 'system', '2021-11-24 09:43:37', '1'),
(70, 2021, 3, '6-2004', '62004-111', 'OPEX', 24, 5, 'Pembelian Susu Kesehatan Karyawan', NULL, 10000, 119, 1190000, 384000, 112, 1120000, 1192100, 126, 1260000, 1358800, 126, 1260000, 1107400, 119, 1190000, 461200, 105, 1050000, 982100, 126, 1260000, 1052900, 126, 1260000, 996500, 119, 1190000, 870000, 119, 1190000, 845200, 119, 1190000, 0, 126, 1260000, 0, 1442, 11970000, 9250200, 0, 'system', '2021-11-24 09:43:37', 'system', '2021-11-24 09:43:37', '1'),
(71, 2021, 3, '6-2004', '62004-202', 'OPEX', 24, 5, 'Akomodasi  Meeting Direksi', NULL, 1500000, 0, 0, 0, 0, 0, 0, 1, 1500000, 0, 0, 0, 0, 0, 0, 0, 1, 1500000, 0, 0, 0, 0, 0, 0, 0, 1, 1500000, 0, 0, 0, 0, 0, 0, 0, 1, 1500000, 0, 4, 4500000, 0, 0, 'system', '2021-11-24 09:43:37', 'system', '2021-11-24 09:43:37', '1'),
(72, 2021, 3, '6-2004', '62004-301', 'OPEX', 24, 5, 'Akomodasi  Marketing', NULL, 1000000, 0, 0, 0, 0, 0, 0, 1, 1000000, 0, 0, 0, 0, 0, 0, 0, 0, 0, 0, 0, 0, 0, 0, 0, 0, 0, 0, 0, 0, 0, 0, 0, 0, 0, 0, 0, 0, 1, 1000000, 0, 0, 'system', '2021-11-24 09:43:37', 'system', '2021-11-24 09:43:37', '1'),
(73, 2021, 3, '6-2004', '62004-407', 'OPEX', 24, 5, 'Segel Karantina', NULL, 4400, 1000, 4400000, 2173500, 1000, 4400000, 2385000, 1000, 4400000, 1822500, 1000, 4400000, 1775250, 1000, 4400000, 2002500, 1000, 4400000, 1521000, 1000, 4400000, 1442250, 1000, 4400000, 1426500, 1000, 4400000, 1296000, 1000, 4400000, 1514250, 1000, 4400000, 0, 1000, 4400000, 0, 12000, 44000000, 17358750, 0, 'system', '2021-11-24 09:43:37', 'system', '2021-11-24 09:43:37', '1'),
(74, 2021, 3, '6-2004', '62004-408', 'OPEX', 24, 5, 'Segel Merah', NULL, 4400, 1200, 5280000, 5143600, 1200, 5280000, 4197600, 1200, 5280000, 4818000, 1200, 5280000, 4919200, 1200, 5280000, 5627600, 1200, 5280000, 4567200, 1200, 5280000, 4813600, 1200, 5280000, 4263600, 1200, 5280000, 3841200, 1200, 5280000, 3946800, 1200, 5280000, 0, 1200, 5280000, 0, 14400, 52800000, 46138400, 0, 'system', '2021-11-24 09:43:37', 'system', '2021-11-24 09:43:37', '1'),
(75, 2021, 3, '6-2004', '62004-605', 'OPEX', 24, 5, 'Kardus Bekas dan Tali', NULL, 100000, 0, 0, 0, 0, 0, 0, 1, 100000, 58000, 0, 0, 0, 0, 0, 0, 0, 0, 0, 0, 0, 0, 0, 0, 0, 1, 100000, 48000, 0, 0, 0, 0, 0, 0, 0, 0, 0, 2, 200000, 106000, 0, 'system', '2021-11-24 09:43:37', 'system', '2021-11-24 09:43:37', '1'),
(76, 2021, 3, '6-2004', '62004-606', 'OPEX', 24, 5, 'Karet Gelang', NULL, 35000, 0, 0, 0, 0, 0, 0, 1, 35000, 0, 0, 0, 0, 0, 0, 0, 0, 0, 0, 0, 0, 0, 0, 0, 0, 0, 0, 0, 0, 0, 0, 0, 0, 0, 0, 0, 0, 1, 35000, 0, 0, 'system', '2021-11-24 09:43:37', 'system', '2021-11-24 09:43:37', '1'),
(77, 2021, 3, '6-2004', '62004-611', 'OPEX', 24, 5, 'Pengiriman Dokumen', NULL, 0, 0, 0, 0, 0, 0, 0, 0, 0, 0, 0, 0, 0, 0, 0, 0, 0, 0, 0, 0, 0, 25000, 0, 0, 0, 0, 0, 0, 0, 0, 0, 0, 0, 0, 0, 0, 0, 0, 0, 25000, 0, 'system', '2021-11-24 09:43:37', 'system', '2021-11-24 09:43:37', '1'),
(78, 2021, 3, '6-2008', '62008-101', 'OPEX', 28, 85, 'Penyimpanan Dokumen ', NULL, 5700, 201, 783750, 2291400, 201, 783750, 1145700, 201, 783750, 1145700, 201, 783750, 1145700, 201, 783750, 1145700, 201, 783750, 1145700, 201, 783750, 1145700, 201, 783750, 1145700, 201, 783750, 1145700, 201, 783750, 1145700, 201, 783750, 0, 253, 783750, 0, 2464, 7837500, 12602700, 0, 'system', '2021-11-24 09:43:37', 'system', '2021-11-24 09:43:37', '1'),
(79, 2021, 3, '6-2009', '62009-201', 'OPEX', 29, 67, 'ATK', NULL, 70000, 0, 0, 0, 0, 0, 0, 0, 0, 0, 1, 70000, 0, 0, 0, 0, 0, 0, 0, 0, 0, 0, 0, 0, 0, 0, 0, 286000, 4, 280000, 0, 0, 0, 0, 0, 0, 0, 5, 350000, 286000, 0, 'system', '2021-11-24 09:43:37', 'system', '2021-11-24 09:43:37', '1'),
(80, 2021, 4, '6-1004', '61004-101', 'OPEX', 92, 196, 'Solar Alat Berat', NULL, 0, 13670, 94309330, 99450120, 10663, 73563347, 106868740, 11320, 78096680, 99920480, 11560, 79752440, 101579940, 13080, 90238920, 94169460, 13540, 93412460, 93078700, 11900, 82098100, 119453620, 12840, 88583160, 99003740, 13120, 90514880, 101829640, 12160, 83891840, 84905040, 15620, 107762380, 0, 14880, 102657120, 0, 154353, 854461157, 1000259480, 0, 'system', '2021-11-24 15:28:24', 'system', '2021-11-24 15:28:24', '1'),
(81, 2021, 4, '6-1005', '61005-101', 'OPEX', 14, 26, 'BBM', NULL, 0, 6, 92000, 45000, 6, 92000, 90000, 6, 92000, 104000, 6, 92000, 29000, 6, 92000, 58000, 6, 92000, 72500, 6, 92000, 14500, 6, 92000, 87000, 6, 92000, 43500, 6, 92000, 58000, 6, 92000, 0, 6, 92000, 0, 72, 920000, 601500, 0, 'system', '2021-11-24 15:28:24', 'system', '2021-11-24 15:28:24', '1'),
(82, 2021, 4, '6-1005', '61005-301', 'OPEX', 14, 26, 'Tol', NULL, 4000, 2, 8000, 0, 2, 8000, 0, 2, 8000, 0, 2, 8000, 13000, 2, 8000, 0, 2, 8000, 0, 2, 8000, 0, 2, 8000, 0, 2, 8000, 13000, 2, 8000, 0, 2, 8000, 0, 2, 8000, 0, 24, 80000, 26000, 0, 'system', '2021-11-24 15:28:24', 'system', '2021-11-24 15:28:24', '1'),
(83, 2021, 4, '6-1006', '61006-102', 'OPEX', 15, 96, 'Oli mesin Babat rumput', NULL, 35000, 0, 0, 0, 1, 35000, 0, 0, 0, 33000, 0, 0, 0, 0, 0, 0, 1, 35000, 0, 0, 0, 0, 0, 0, 0, 0, 0, 0, 1, 35000, 0, 0, 0, 0, 0, 0, 0, 3, 105000, 33000, 0, 'system', '2021-11-24 15:28:24', 'system', '2021-11-24 15:28:24', '1'),
(84, 2021, 4, '6-1007', '61007-202', 'OPEX', 38, 9, 'Sewa Mesin Fotocopy', NULL, 1400000, 1, 1400000, 1400000, 1, 1400000, 1400000, 1, 1400000, 2800000, 1, 1400000, 1400000, 1, 1400000, 0, 1, 1400000, 1400000, 1, 1400000, 0, 1, 1400000, 1400000, 1, 1400000, 1400000, 1, 1400000, 1400000, 1, 1400000, 0, 1, 1400000, 0, 12, 14000000, 12600000, 0, 'system', '2021-11-24 15:28:24', 'system', '2021-11-24 15:28:24', '1'),
(85, 2021, 4, '6-1010', '61010-101', 'OPEX', 36, 90, 'Perawatan Gedung (SOS)', NULL, 29089830, 1, 26445300, 26445300, 1, 26445300, 0, 1, 26445300, 52890600, 1, 26445300, 26445300, 1, 26445300, 26445300, 1, 26445300, 26445300, 1, 26445300, 26445300, 1, 26445300, 26445300, 1, 26445300, 26445300, 1, 26445300, 26445300, 1, 26445300, 0, 1, 26445300, 0, 12, 264453000, 264453000, 0, 'system', '2021-11-24 15:28:24', 'system', '2021-11-24 15:28:24', '1'),
(86, 2021, 4, '6-1010', '61010-103', 'OPEX', 36, 90, 'Alat bantu Kerja', NULL, 0, 20, 242500, 296000, 34, 421500, 0, 29, 366500, 0, 22, 526500, 1170000, 22, 287500, 156000, 29, 246000, 0, 22, 340500, 279500, 34, 331000, 963000, 19, 611000, 0, 33, 424000, 0, 15, 240500, 0, 21, 154000, 0, 300, 3797000, 2864500, 0, 'system', '2021-11-24 15:28:24', 'system', '2021-11-24 15:28:24', '1'),
(87, 2021, 4, '6-1010', '61010-104', 'OPEX', 36, 90, 'Alat Bantu Las', NULL, 0, 6, 200000, 150000, 4, 360000, 0, 6, 80000, 0, 1, 65000, 0, 6, 100000, 0, 1, 200000, 0, 5, 50000, 0, 1, 20000, 0, 7, 270000, 0, 2, 150000, 0, 5, 50000, 0, 1, 200000, 0, 45, 1495000, 150000, 0, 'system', '2021-11-24 15:28:24', 'system', '2021-11-24 15:28:24', '1'),
(88, 2021, 4, '6-1010', '61010-105', 'OPEX', 36, 90, 'Alat kerja', NULL, 0, 3, 120000, 148500, 6, 2617000, 2129091, 2, 70000, 0, 5, 1730000, 1625280, 6, 245000, 0, 2, 95000, 0, 5, 185000, 0, 4, 145000, 0, 2, 110000, 0, 3, 135000, 0, 7, 225000, 0, 0, 0, 0, 45, 5452000, 3902871, 0, 'system', '2021-11-24 15:28:24', 'system', '2021-11-24 15:28:24', '1'),
(89, 2021, 4, '6-1010', '61010-106', 'OPEX', 36, 90, 'Perawatan dan Perbaikan HT & RIG', NULL, 0, 4, 510000, 700000, 4, 480000, 0, 5, 560000, 0, 4, 165000, 0, 5, 610000, 0, 3, 370000, 0, 4, 280000, 0, 4, 500000, 0, 2, 335000, 0, 2, 225000, 0, 5, 545000, 0, 1, 75000, 0, 43, 4035000, 700000, 0, 'system', '2021-11-24 15:28:24', 'system', '2021-11-24 15:28:24', '1'),
(90, 2021, 4, '6-1010', '61010-107', 'OPEX', 36, 90, 'Perawatan dan Perbaikan Timbangan', NULL, 0, 0, 0, 0, 0, 0, 0, 5, 450000, 50000, 10, 210000, 0, 0, 0, 0, 0, 0, 0, 0, 0, 0, 0, 0, 0, 0, 0, 0, 0, 0, 0, 0, 0, 0, 0, 0, 0, 15, 660000, 50000, 0, 'system', '2021-11-24 15:28:24', 'system', '2021-11-24 15:28:24', '1'),
(91, 2021, 4, '6-1010', '61010-108', 'OPEX', 36, 90, 'Exhause Fan', NULL, 500000, 0, 0, 0, 0, 0, 0, 0, 0, 0, 0, 0, 0, 1, 500000, 0, 0, 0, 0, 0, 0, 0, 0, 0, 0, 0, 0, 0, 1, 500000, 0, 0, 0, 0, 0, 0, 0, 2, 1000000, 0, 0, 'system', '2021-11-24 15:28:24', 'system', '2021-11-24 15:28:24', '1'),
(92, 2021, 4, '6-1010', '61010-109', 'OPEX', 36, 90, 'Perawatan dan perbaikan alat Disinfektan', NULL, 0, 1, 400000, 0, 0, 0, 0, 1, 300000, 0, 0, 0, 0, 0, 0, 0, 1, 65000, 0, 0, 0, 0, 0, 0, 0, 0, 0, 0, 0, 0, 0, 0, 0, 0, 0, 0, 0, 3, 765000, 0, 0, 'system', '2021-11-24 15:28:24', 'system', '2021-11-24 15:28:24', '1'),
(93, 2021, 4, '6-1010', '61010-111', 'OPEX', 36, 90, 'Kebutuhan Lain-Lain', NULL, 0, 26, 236000, 0, 29, 415000, 773500, 23, 540000, 90200, 44, 539000, 178600, 25, 235000, 149091, 27, 625000, 1141000, 32, 333000, 2014500, 44, 539000, 462800, 25, 270000, 92000, 30, 601000, 48000, 23, 249000, 0, 21, 165000, 0, 349, 4333000, 4949691, 0, 'system', '2021-11-24 15:28:24', 'system', '2021-11-24 15:28:24', '1'),
(94, 2021, 4, '6-1010', '61010-112', 'OPEX', 36, 90, 'Kebutuhan Masjid', NULL, 0, 4, 150000, 151000, 7, 204000, 0, 28, 2766000, 67000, 2, 1500000, 147000, 4, 144000, 0, 2, 200000, 0, 7, 210000, 0, 0, 0, 0, 4, 144000, 0, 4, 150000, 0, 0, 0, 0, 0, 0, 0, 62, 5468000, 365000, 0, 'system', '2021-11-24 15:28:24', 'system', '2021-11-24 15:28:24', '1'),
(95, 2021, 4, '6-1010', '61010-113', 'OPEX', 36, 90, 'Kebutuhan PHL', NULL, 0, 2, 71500, 0, 17, 2647500, 0, 4, 385000, 0, 0, 0, 80000, 10, 357500, 0, 1, 170000, 4330000, 0, 0, 0, 10, 357500, 0, 2, 71500, 112600, 0, 0, 0, 10, 357500, 0, 0, 0, 0, 56, 4060500, 4522600, 0, 'system', '2021-11-24 15:28:24', 'system', '2021-11-24 15:28:24', '1'),
(96, 2021, 4, '6-1010', '61010-114', 'OPEX', 36, 90, 'Kebutuhan Pompa Air', NULL, 0, 8, 355000, 90000, 3, 670000, 0, 11, 295000, 0, 3, 55000, 85500, 0, 0, 0, 0, 0, 240000, 6, 2915000, 0, 9, 215000, 235000, 1, 55000, 0, 3, 130000, 0, 1, 20000, 0, 0, 0, 0, 45, 4690000, 650500, 0, 'system', '2021-11-24 15:28:24', 'system', '2021-11-24 15:28:24', '1'),
(97, 2021, 4, '6-1010', '61010-117', 'OPEX', 36, 90, 'Membersihkan kaca gedung bagian luar', NULL, 2500000, 0, 0, 0, 1, 2500000, 0, 0, 0, 0, 0, 0, 0, 0, 0, 0, 0, 0, 0, 0, 0, 0, 0, 0, 0, 0, 0, 0, 0, 0, 0, 0, 0, 0, 0, 0, 0, 1, 2500000, 0, 0, 'system', '2021-11-24 15:28:24', 'system', '2021-11-24 15:28:24', '1'),
(98, 2021, 4, '6-1010', '61010-121', 'OPEX', 36, 90, 'Perawatan AC', NULL, 0, 5, 317000, 1312000, 4, 1287000, 30000, 5, 317000, 1929000, 3, 117000, 557500, 7, 2007000, 0, 5, 11397000, 220000, 10, 402000, 8392000, 3, 117000, 281500, 6, 817000, 450000, 3, 457000, 5262500, 7, 1197000, 0, 2, 67000, 0, 60, 17235000, 18434500, 0, 'system', '2021-11-24 15:28:24', 'system', '2021-11-24 15:28:24', '1'),
(99, 2021, 4, '6-1010', '61010-122', 'OPEX', 36, 90, 'Perawatan dan Penggantian Kelistrikan', NULL, 0, 15, 550000, 280000, 18, 1960000, 394000, 14, 4220000, 56000, 17, 11145047, 170000, 17, 1716000, 170000, 15, 1545000, 279500, 18, 4319000, 459000, 13, 10916047, 312000, 15, 1250000, 739000, 17, 1404000, 93000, 10, 730000, 0, 10, 480000, 0, 179, 39025095, 2952500, 0, 'system', '2021-11-24 15:28:24', 'system', '2021-11-24 15:28:24', '1'),
(100, 2021, 4, '6-1010', '61010-123', 'OPEX', 36, 90, 'Service Lift', NULL, 1400000, 1, 1400000, 1200000, 1, 1400000, 1200000, 1, 1400000, 2400000, 1, 1400000, 0, 1, 1400000, 1200000, 1, 1400000, 1200000, 1, 1400000, 1200000, 1, 1400000, 44513100, 1, 1400000, 1200000, 1, 1400000, 1200000, 1, 1400000, 0, 1, 1400000, 0, 12, 14000000, 55313100, 0, 'system', '2021-11-24 15:28:24', 'system', '2021-11-24 15:28:24', '1'),
(101, 2021, 4, '6-1010', '61010-125', 'OPEX', 36, 90, 'Perawatan Fasilitas Kantor', NULL, 0, 4, 670000, 0, 35, 7940000, 2355000, 6, 1200000, 40000, 3, 600000, 55000, 12, 1400000, 0, 5, 1140000, 0, 4, 670000, 0, 1, 100000, 0, 5, 670000, 0, 2, 170000, 0, 1, 300000, 0, 0, 0, 0, 78, 14560000, 2450000, 0, 'system', '2021-11-24 15:28:24', 'system', '2021-11-24 15:28:24', '1'),
(102, 2021, 4, '6-1010', '61010-126', 'OPEX', 36, 90, 'Perawatan Fasilitas Lapangan', NULL, 0, 0, 0, 1047000, 2, 7340000, 60000, 2, 5070000, 4040000, 1, 5000000, 65000, 1, 100000, 30000, 2, 360000, 5188500, 0, 0, 0, 2, 5070000, 425000, 1, 300000, 0, 1, 140000, 135000, 0, 0, 0, 0, 0, 0, 12, 23380000, 10990500, 0, 'system', '2021-11-24 15:28:24', 'system', '2021-11-24 15:28:24', '1'),
(103, 2021, 4, '6-1010', '61010-127', 'OPEX', 36, 90, 'Perawatan Fasilitas Toilet', NULL, 0, 4, 400000, 0, 7, 645000, 514000, 3, 1065000, 79500, 3, 170000, 311000, 7, 755000, 0, 2, 155000, 0, 4, 400000, 0, 6, 525000, 0, 3, 1065000, 0, 4, 65000, 15000, 3, 315000, 0, 2, 155000, 0, 48, 5245000, 919500, 0, 'system', '2021-11-24 15:28:24', 'system', '2021-11-24 15:28:24', '1'),
(104, 2021, 4, '6-1010', '61010-129', 'OPEX', 36, 90, 'Perawatan Gedung', NULL, 0, 15, 1400000, 1395000, 0, 0, 0, 15, 1850000, 0, 0, 0, 0, 0, 0, 0, 21, 3676000, 0, 0, 0, 0, 15, 1400000, 0, 0, 0, 0, 15, 1850000, 0, 15, 1400000, 0, 0, 0, 0, 96, 10176000, 1395000, 0, 'system', '2021-11-24 15:28:24', 'system', '2021-11-24 15:28:24', '1'),
(105, 2021, 4, '6-1010', '61010-131', 'OPEX', 36, 90, 'Perawatan Lapangan', NULL, 0, 33, 0, 0, 70, 0, 0, 74, 0, 0, 50, 0, 0, 60, 0, 0, 3, 0, 0, 0, 0, 0, 74, 0, 5082000, 36, 0, 0, 16, 0, 0, 0, 0, 0, 0, 0, 0, 416, 0, 5082000, 0, 'system', '2021-11-24 15:28:24', 'system', '2021-11-24 15:28:24', '1'),
(106, 2021, 4, '6-1010', '61010-137', 'OPEX', 36, 90, 'Sedot tinja', NULL, 750000, 0, 0, 0, 1, 750000, 700000, 0, 0, 0, 1, 750000, 0, 1, 750000, 0, 0, 0, 0, 1, 750000, 700000, 1, 750000, 0, 0, 0, 0, 1, 750000, 0, 1, 750000, 0, 0, 0, 0, 7, 4500000, 1400000, 0, 'system', '2021-11-24 15:28:24', 'system', '2021-11-24 15:28:24', '1'),
(107, 2021, 4, '6-1014', '61014-101', 'OPEX', 17, 34, 'Upah PHL (Pekerja Harian Lepas)', NULL, 0, 4, 7200000, 7252000, 4, 7200000, 7174000, 4, 9000000, 6914000, 5, 7200000, 9076000, 4, 7200000, 6098000, 4, 7200000, 7382000, 5, 7200000, 9390000, 4, 9000000, 7060000, 4, 7200000, 7736000, 5, 7200000, 9406000, 4, 9000000, 0, 5, 9000000, 0, 52, 75600000, 77488000, 0, 'system', '2021-11-24 15:28:24', 'system', '2021-11-24 15:28:24', '1'),
(108, 2021, 4, '6-1014', '61014-102', 'OPEX', 17, 34, 'Sedot debu lapangan', NULL, 3000000, 0, 3000000, 0, 0, 0, 0, 0, 0, 0, 1, 0, 0, 0, 0, 0, 0, 0, 0, 0, 0, 0, 0, 0, 0, 1, 3000000, 0, 0, 0, 0, 0, 0, 0, 0, 0, 0, 2, 6000000, 0, 0, 'system', '2021-11-24 15:28:24', 'system', '2021-11-24 15:28:24', '1'),
(109, 2021, 4, '6-2004', '62004-101', 'OPEX', 24, 5, 'Air Galon', NULL, 11000, 256, 2816000, 2408200, 256, 2816000, 2752000, 320, 3520000, 3708900, 256, 2816000, 2365200, 256, 2816000, 2021100, 320, 3520000, 3923800, 256, 2816000, 3010100, 256, 2816000, 2924100, 320, 3520000, 3827200, 256, 2816000, 3268200, 256, 2816000, 0, 320, 3520000, 0, 3328, 30272000, 30208800, 0, 'system', '2021-11-24 15:28:24', 'system', '2021-11-24 15:28:24', '1'),
(110, 2021, 4, '6-2004', '62004-102', 'OPEX', 24, 5, 'Air Minum Botol', NULL, 40000, 20, 800000, 562500, 15, 600000, 375000, 20, 800000, 937500, 15, 600000, 387500, 20, 800000, 187500, 15, 600000, 375000, 20, 800000, 375000, 15, 600000, 379500, 20, 800000, 375000, 15, 600000, 750000, 20, 800000, 0, 15, 600000, 0, 210, 7000000, 4704500, 0, 'system', '2021-11-24 15:28:24', 'system', '2021-11-24 15:28:24', '1'),
(111, 2021, 4, '6-2004', '62004-104', 'OPEX', 24, 5, 'Kebutuhan Dapur', NULL, 0, 10, 75000, 0, 21, 172000, 60000, 12, 116600, 337700, 22, 585000, 70000, 10, 75000, 0, 20, 150000, 60000, 11, 81600, 140000, 20, 150000, 120000, 12, 132000, 60000, 21, 156600, 130000, 10, 75000, 0, 20, 150000, 0, 189, 1693800, 977700, 0, 'system', '2021-11-24 15:28:24', 'system', '2021-11-24 15:28:24', '1'),
(112, 2021, 4, '6-2004', '62004-105', 'OPEX', 24, 5, 'Kebutuhan Kebersihan', NULL, 0, 8, 554000, 218218, 12, 530000, 378400, 4, 261000, 0, 8, 613000, 310400, 2, 62000, 0, 11, 629000, 0, 7, 483000, 0, 2, 121000, 0, 7, 284000, 0, 15, 992000, 49900, 3, 150000, 0, 1, 84000, 0, 80, 4529000, 956918, 0, 'system', '2021-11-24 15:28:24', 'system', '2021-11-24 15:28:24', '1'),
(113, 2021, 4, '6-2004', '62004-106', 'OPEX', 24, 5, 'Kebutuhan Mess', NULL, 0, 1, 55000, 0, 1, 60000, 0, 3, 440000, 0, 3, 122000, 0, 1, 60000, 0, 1, 55000, 0, 2, 205000, 0, 1, 35000, 0, 1, 55000, 125000, 0, 0, 0, 1, 55000, 0, 1, 55000, 0, 16, 1087000, 125000, 0, 'system', '2021-11-24 15:28:24', 'system', '2021-11-24 15:28:24', '1'),
(114, 2021, 4, '6-2004', '62004-107', 'OPEX', 24, 5, 'Kebutuhan Taman', NULL, 0, 20, 200000, 0, 0, 0, 0, 22, 300000, 0, 4, 400000, 0, 0, 0, 0, 0, 0, 0, 0, 0, 0, 50, 500000, 700000, 22, 300000, 0, 0, 0, 0, 0, 0, 0, 0, 0, 0, 118, 1700000, 700000, 0, 'system', '2021-11-24 15:28:24', 'system', '2021-11-24 15:28:24', '1'),
(115, 2021, 4, '6-2004', '62004-108', 'OPEX', 24, 5, 'Kopi, Teh ,Gula, Susu Dan Lain-Lain ', NULL, 0, 16, 293500, 176000, 15, 245200, 357800, 18, 381500, 249000, 14, 214700, 492400, 16, 293500, 0, 14, 206700, 160000, 16, 293500, 462400, 14, 214700, 361100, 17, 332000, 240800, 14, 206700, 284200, 16, 293500, 0, 13, 181700, 0, 183, 2682000, 2783700, 0, 'system', '2021-11-24 15:28:24', 'system', '2021-11-24 15:28:24', '1'),
(116, 2021, 4, '6-2004', '62004-404', 'OPEX', 36, 51, 'Perlengkapan K3 ( helm , rompi, Sepatu Safety dll ) ', NULL, 0, 0, 0, 0, 0, 0, 0, 7, 1225000, 0, 0, 0, 0, 0, 0, 0, 0, 0, 0, 0, 0, 0, 1, 25000, 0, 0, 0, 0, 0, 0, 0, 1, 25000, 0, 0, 0, 0, 9, 1250000, 0, 0, 'system', '2021-11-24 15:28:24', 'system', '2021-11-24 15:28:24', '1'),
(117, 2021, 4, '6-2004', '62004-405', 'OPEX', 36, 51, 'Perlengkapan PHL', NULL, 0, 12, 30000, 0, 6, 72000, 18500, 12, 450000, 60000, 6, 360000, 65000, 0, 0, 0, 0, 0, 0, 12, 30000, 0, 6, 150000, 0, 6, 72000, 0, 0, 0, 0, 0, 0, 0, 0, 0, 0, 60, 1164000, 143500, 0, 'system', '2021-11-24 15:28:24', 'system', '2021-11-24 15:28:24', '1'),
(118, 2021, 4, '6-2004', '62004-406', 'OPEX', 36, 51, 'Rain Coat', NULL, 250000, 0, 0, 0, 0, 0, 0, 10, 2500000, 0, 0, 0, 0, 0, 0, 0, 0, 0, 0, 0, 0, 0, 0, 0, 0, 0, 0, 0, 0, 0, 0, 0, 0, 0, 0, 0, 0, 10, 2500000, 0, 0, 'system', '2021-11-24 15:28:24', 'system', '2021-11-24 15:28:24', '1'),
(119, 2021, 4, '6-2004', '62004-611', 'OPEX', 24, 56, 'Biaya Pengiriman Dokumen', NULL, 30000, 0, 0, 0, 0, 0, 0, 0, 0, 0, 0, 0, 0, 0, 0, 0, 0, 0, 0, 1, 30000, 27000, 0, 0, 25000, 1, 30000, 0, 1, 30000, 0, 0, 0, 0, 0, 0, 0, 3, 90000, 52000, 0, 'system', '2021-11-24 15:28:24', 'system', '2021-11-24 15:28:24', '1'),
(120, 2021, 4, '6-2004', '62004-612', 'OPEX', 24, 56, 'Biaya Pengiriman Lampu / Garansi', NULL, 500000, 0, 0, 0, 0, 0, 0, 0, 0, 0, 0, 0, 0, 0, 0, 0, 1, 500000, 0, 0, 0, 0, 0, 0, 0, 0, 0, 0, 0, 0, 0, 0, 0, 0, 0, 0, 0, 1, 500000, 0, 0, 'system', '2021-11-24 15:28:24', 'system', '2021-11-24 15:28:24', '1'),
(121, 2021, 4, '6-2004', '62004-628', 'OPEX', 24, 56, 'Ongkos Angkut BBM', NULL, 0, 0, 0, 1000000, 0, 0, 1000000, 0, 0, 1000000, 0, 0, 1000000, 0, 0, 1000000, 0, 0, 1000000, 0, 0, 1000000, 0, 0, 1000000, 0, 0, 1000000, 0, 0, 1000000, 0, 0, 0, 0, 0, 0, 0, 0, 10000000, 0, 'system', '2021-11-24 15:28:24', 'system', '2021-11-24 15:28:24', '1'),
(122, 2021, 4, '6-2004', '62004-632', 'OPEX', 24, 56, 'Spanduk, Bendera & Umbul2, Plat, stiker logo', NULL, 0, 0, 0, 1510000, 0, 0, 0, 5, 1300000, 0, 0, 0, 0, 1, 150000, 393960, 0, 0, 0, 4, 1150000, 0, 0, 0, 215940, 0, 0, 0, 1, 150000, 0, 2, 700000, 0, 0, 0, 0, 13, 2750000, 2119900, 0, 'system', '2021-11-24 15:28:24', 'system', '2021-11-24 15:28:24', '1'),
(123, 2021, 4, '6-2004', '62004-641', 'OPEX', 24, 56, ' Akomodasi Pengangkutan Sampah ', NULL, 0, 0, 0, 0, 0, 0, 0, 0, 0, 0, 0, 0, 0, 0, 0, 0, 0, 0, 0, 0, 0, 0, 0, 0, 0, 0, 0, 300000, 0, 0, 300000, 0, 0, 0, 0, 0, 0, 0, 0, 600000, 0, 'system', '2021-11-24 15:28:24', 'system', '2021-11-24 15:28:24', '1'),
(124, 2021, 4, '6-2005', '62005-102', 'OPEX', 25, 57, 'Pemakaian Telephone ', NULL, 1600000, 1, 1600000, 1492100, 1, 1600000, 1496300, 1, 1600000, 1459000, 1, 1600000, 1391100, 1, 1600000, 1301400, 1, 1600000, 1128900, 1, 1600000, 1427200, 1, 1600000, 1338300, 1, 1600000, 1374400, 1, 1600000, 1177100, 1, 1600000, 0, 1, 1600000, 0, 12, 16000000, 13585800, 0, 'system', '2021-11-24 15:28:24', 'system', '2021-11-24 15:28:24', '1'),
(125, 2021, 4, '6-2006', '62006-101', 'OPEX', 26, 124, 'Listrik 345KVA Perindo', NULL, 28000000, 1, 17301454, 17305454, 1, 17301454, 17305454, 1, 17301454, 17305454, 1, 17301454, 17305454, 1, 17301454, 17305454, 1, 17301454, 17305454, 1, 18503363, 17305454, 1, 5408569, 17305454, 1, 17301454, 17305454, 1, 17301454, 17305454, 1, 17301454, 0, 1, 17301454, 0, 12, 162323564, 173054540, 0, 'system', '2021-11-24 15:28:24', 'system', '2021-11-24 15:28:24', '1'),
(126, 2021, 4, '6-2006', '62006-102', 'OPEX', 26, 124, 'Listrik 164KVA Perindo', NULL, 23000000, 1, 11663132, 0, 1, 11663132, 0, 1, 11663132, 0, 1, 11663132, 0, 1, 11663132, 0, 1, 11663132, 6995905, 1, 11663132, 11492301, 1, 98120, 5773435, 1, 11663132, 5755442, 1, 1357900, 5754569, 1, 0, 0, 1, 0, 0, 12, 94761076, 35771652, 0, 'system', '2021-11-24 15:28:24', 'system', '2021-11-24 15:28:24', '1'),
(127, 2021, 4, '6-2006', '62006-103', 'OPEX', 26, 124, 'Listrik Pelindo 1', NULL, 110000000, 1, 121812708, 131754142, 1, 114323710, 135873796, 1, 129544228, 91633672, 1, 103231833, 88635157, 1, 110946573, 97584005, 1, 118344172, 107747355, 1, 195657675, 123654707, 1, 154199292, 102475517, 1, 146662069, 119115863, 1, 141512987, 100475027, 1, 141854676, 0, 1, 116146014, 0, 12, 1336235247, 1098949241, 0, 'system', '2021-11-24 15:28:24', 'system', '2021-11-24 15:28:24', '1'),
(128, 2021, 4, '6-2006', '62006-104', 'OPEX', 26, 124, 'Listrik gedung masjid', NULL, 1500000, 1, 1493400, 1289800, 1, 1493400, 1183300, 1, 1493400, 887700, 1, 1493400, 1246900, 1, 1493400, 1189700, 1, 1493400, 1238100, 1, 1493400, 1199200, 1, 1425600, 1261200, 1, 1144800, 1381200, 1, 0, 1286600, 1, 1087800, 0, 1, 1067100, 0, 12, 13024200, 12163700, 0, 'system', '2021-11-24 15:28:24', 'system', '2021-11-24 15:28:24', '1'),
(129, 2021, 4, '6-2007', '62007-113', 'OPEX', 27, 63, 'Biaya izin penangkal petir', NULL, 600000, 0, 0, 0, 0, 0, 0, 0, 0, 0, 0, 0, 0, 0, 0, 0, 0, 0, 0, 0, 0, 0, 0, 0, 0, 0, 0, 0, 1, 600000, 0, 0, 0, 0, 0, 0, 0, 1, 600000, 0, 0, 'system', '2021-11-24 15:28:24', 'system', '2021-11-24 15:28:24', '1'),
(130, 2021, 4, '6-2007', '62007-114', 'OPEX', 27, 63, 'Biaya izin perpanjangan instalasi listrik', NULL, 600000, 0, 0, 0, 0, 0, 0, 0, 0, 0, 0, 0, 0, 0, 0, 0, 0, 0, 0, 0, 0, 0, 0, 0, 0, 0, 0, 0, 1, 600000, 0, 0, 0, 0, 0, 0, 0, 1, 600000, 0, 0, 'system', '2021-11-24 15:28:24', 'system', '2021-11-24 15:28:24', '1'),
(131, 2021, 4, '6-2007', '62007-115', 'OPEX', 27, 63, 'Biaya perpanjangan izin lift', NULL, 1000000, 0, 0, 0, 0, 0, 0, 0, 0, 0, 0, 0, 0, 1, 1000000, 0, 0, 0, 500000, 0, 0, 0, 0, 0, 0, 0, 0, 0, 0, 0, 0, 0, 0, 0, 0, 0, 0, 1, 1000000, 500000, 0, 'system', '2021-11-24 15:28:24', 'system', '2021-11-24 15:28:24', '1'),
(132, 2021, 4, '6-2009', '62009-101', 'OPEX', 29, 67, 'ATK', NULL, 0, 1, 110000, 0, 0, 0, 0, 0, 0, 0, 0, 0, 0, 0, 0, 0, 0, 0, 0, 2, 210000, 0, 3, 315000, 0, 2, 210000, 0, 3, 315000, 0, 2, 210000, 0, 3, 315000, 0, 16, 1160000, 0, 0, 'system', '2021-11-24 15:28:24', 'system', '2021-11-24 15:28:24', '1'),
(133, 2021, 4, '6-2026', '62026-116', 'OPEX', 29, 67, 'pbbkb', NULL, 0, 0, 912100, 762600, 0, 833400, 773900, 0, 812000, 819200, 0, 591800, 1269500, 0, 532200, 1309100, 0, 1238300, 1314800, 0, 713500, 1377100, 0, 0, 1382800, 0, 1442100, 1371500, 0, 713500, 1552800, 0, 675800, 0, 0, 739900, 0, 0, 7788900, 11933300, 0, 'system', '2021-11-24 15:28:24', 'system', '2021-11-24 15:28:24', '1'),
(134, 2021, 5, '6-2004', '62004-615', 'OPEX', 24, 5, 'Cetakan (Quesioner) Surve kepuasan pelanggan', NULL, 2219000, 0, 0, 0, 0, 0, 0, 0, 0, 0, 0, 0, 0, 0, 0, 0, 0, 0, 0, 0, 0, 0, 0, 0, 0, 0, 0, 0, 1, 2219000, 1395000, 0, 0, 0, 0, 0, 0, 1, 2219000, 1395000, 0, 'system', '2021-11-24 16:16:32', 'system', '2021-11-24 16:16:32', '1'),
(135, 2021, 5, '6-2007', '62007-116', 'OPEX', 24, 5, 'Administrasi Asuransi', NULL, 0, 0, 0, 0, 0, 0, 0, 0, 0, 0, 0, 0, 60000, 0, 0, 0, 0, 0, 0, 0, 0, 0, 0, 0, 0, 0, 0, 0, 0, 0, 0, 0, 0, 0, 0, 0, 0, 0, 0, 85000, 0, 'system', '2021-11-24 16:16:32', 'system', '2021-11-24 16:16:32', '1'),
(136, 2021, 5, '6-2009', '62009-201', 'OPEX', 29, 66, 'Tinta', NULL, 0, 1, 120000, 0, 0, 0, 0, 0, 0, 0, 1, 35000, 0, 0, 0, 0, 0, 0, 0, 1, 120000, 0, 0, 0, 0, 0, 0, 0, 1, 35000, 0, 0, 0, 0, 0, 0, 0, 4, 310000, 0, 0, 'system', '2021-11-24 16:16:32', 'system', '2021-11-24 16:16:32', '1'),
(137, 2021, 6, '6-2001', '62001-101', 'OPEX', 19, 37, 'Gaji Karyawan (BHD-BICT)', NULL, 0, 188, 758517519, 898774935, 128, 758517519, 630094548, 129, 758517519, 629476445, 194, 758517519, 641900633, 258, 1393469747, 1188662802, 135, 758517519, 717910365, 320, 758517519, 703372479, 131, 758517519, 706806541, 131, 758517519, 697205393, 197, 758517519, 709944927, 131, 758517519, 0, 254, 2400569887, 0, 2196, 8220127417, 7524149068, 0, 'system', '2021-11-25 08:45:29', 'system', '2021-11-25 08:45:29', '1'),
(138, 2021, 6, '6-2004', '62004-112', 'OPEX', 24, 5, 'Pembelian Vitamin Karyawan', NULL, 0, 125, 8750000, 7076000, 128, 8960000, 5687000, 129, 9030000, 5490000, 129, 9030000, 5781000, 129, 9030000, 5828000, 129, 9030000, 5828000, 131, 9170000, 5828000, 131, 9170000, 4797000, 131, 9170000, 3557400, 131, 9170000, 3733200, 131, 9170000, 0, 131, 9170000, 0, 1555, 90510000, 53605600, 0, 'system', '2021-11-25 08:45:29', 'system', '2021-11-25 08:45:29', '1'),
(139, 2021, 6, '6-2004', '62004-204', 'OPEX', 24, 5, 'Akomodasi Perjalanan Dinas', NULL, 0, 0, 0, 0, 0, 0, 4990000, 0, 0, 6292200, 0, 0, 0, 0, 0, 0, 0, 0, 0, 0, 0, 0, 0, 0, 0, 0, 0, 4040000, 0, 0, 0, 0, 0, 0, 0, 0, 0, 0, 0, 15322200, 0, 'system', '2021-11-25 08:45:29', 'system', '2021-11-25 08:45:29', '1'),
(140, 2021, 6, '6-2004', '62004-402', 'OPEX', 24, 5, 'Rapid Test Antigen ', NULL, 0, 0, 0, 0, 0, 0, 0, 0, 0, 0, 0, 0, 0, 0, 0, 0, 0, 0, 0, 0, 0, 0, 0, 0, 0, 0, 0, 0, 0, 0, 0, 0, 0, 0, 0, 0, 0, 0, 0, 0, 0, 'system', '2021-11-25 08:45:29', 'system', '2021-11-25 08:45:29', '1'),
(141, 2021, 6, '6-2004', '62004-403', 'OPEX', 24, 5, 'Seragam Karyawan ', NULL, 0, 125, 0, 0, 3, 0, 0, 1, 0, 0, 0, 0, 2745000, 0, 0, 685000, 0, 0, 0, 2, 0, 660000, 0, 0, 0, 0, 0, 0, 0, 0, 0, 0, 0, 0, 0, 0, 0, 131, 0, 4090000, 0, 'system', '2021-11-25 08:45:29', 'system', '2021-11-25 08:45:29', '1'),
(142, 2021, 6, '6-2004', '62004-405', 'OPEX', 24, 5, 'ID Card Karyawan', NULL, 0, 125, 6875000, 0, 3, 165000, 0, 1, 55000, 0, 0, 0, 0, 0, 0, 0, 0, 0, 0, 2, 110000, 0, 0, 0, 0, 0, 0, 0, 0, 0, 0, 0, 0, 0, 0, 0, 0, 131, 7205000, 0, 0, 'system', '2021-11-25 08:45:29', 'system', '2021-11-25 08:45:29', '1'),
(143, 2021, 6, '6-2004', '62004-404', 'OPEX', 24, 5, 'Perlengkapan K3 ( helm , rompi, Sepatu Safety dll ) ', NULL, 0, 2, 792000, 0, 3, 1188000, 0, 1, 396000, 880000, 0, 0, 815000, 0, 0, 0, 0, 0, 0, 2, 792000, 0, 0, 0, 0, 0, 0, 0, 0, 0, 892000, 0, 0, 0, 0, 0, 0, 8, 3168000, 2587000, 0, 'system', '2021-11-25 08:45:29', 'system', '2021-11-25 08:45:29', '1');
INSERT INTO `anggaran` (`id_anggaran`, `tahun`, `id_divisi`, `no_coa`, `kd_anggaran`, `jenis_anggaran`, `id_golongan`, `id_subgolongan`, `nm_item`, `id_satuan`, `harga`, `januari_kuantitas`, `januari_nominal`, `januari_realisasi`, `februari_kuantitas`, `februari_nominal`, `februari_realisasi`, `maret_kuantitas`, `maret_nominal`, `maret_realisasi`, `april_kuantitas`, `april_nominal`, `april_realisasi`, `mei_kuantitas`, `mei_nominal`, `mei_realisasi`, `juni_kuantitas`, `juni_nominal`, `juni_realisasi`, `juli_kuantitas`, `juli_nominal`, `juli_realisasi`, `agustus_kuantitas`, `agustus_nominal`, `agustus_realisasi`, `september_kuantitas`, `september_nominal`, `september_realisasi`, `oktober_kuantitas`, `oktober_nominal`, `oktober_realisasi`, `november_kuantitas`, `november_nominal`, `november_realisasi`, `desember_kuantitas`, `desember_nominal`, `desember_realisasi`, `jumlah_kuantitas`, `jumlah_nominal`, `jumlah_realisasi`, `realisasi_kuantitas`, `created_by`, `created_on`, `last_modified_by`, `last_modified_on`, `row_version`) VALUES
(144, 2021, 6, '6-2004', '62004-406', 'OPEX', 24, 5, 'Rain Coat', NULL, 0, 0, 0, 0, 0, 0, 0, 0, 0, 0, 0, 0, 0, 0, 0, 0, 0, 0, 0, 0, 0, 1415000, 0, 0, 0, 0, 0, 0, 0, 0, 0, 0, 0, 0, 0, 0, 0, 0, 0, 1415000, 0, 'system', '2021-11-25 08:45:29', 'system', '2021-11-25 08:45:29', '1'),
(145, 2021, 6, '6-2004', '62004-502', 'OPEX', 24, 5, 'Donor Darah', NULL, 0, 0, 0, 0, 0, 0, 0, 75, 2980000, 0, 0, 0, 0, 0, 0, 0, 0, 0, 0, 0, 0, 0, 0, 0, 0, 76, 3020000, 0, 0, 0, 0, 0, 0, 0, 0, 0, 0, 151, 6000000, 0, 0, 'system', '2021-11-25 08:45:29', 'system', '2021-11-25 08:45:29', '1'),
(146, 2021, 6, '6-2004', '62004-611', 'OPEX', 24, 5, 'Pengiriman Dokumen', NULL, 50000, 1, 50000, 42500, 1, 50000, 0, 1, 50000, 25000, 1, 50000, 25000, 1, 50000, 0, 1, 50000, 50000, 1, 50000, 25000, 1, 50000, 0, 1, 50000, 25000, 1, 50000, 0, 1, 50000, 0, 1, 50000, 0, 12, 500000, 192500, 0, 'system', '2021-11-25 08:45:29', 'system', '2021-11-25 08:45:29', '1'),
(147, 2021, 6, '6-2004', '62004-624', 'OPEX', 24, 5, 'Jenguk Karyawan di RS', NULL, 0, 0, 0, 0, 2, 400000, 0, 0, 0, 0, 2, 400000, 0, 0, 0, 0, 2, 400000, 0, 0, 0, 0, 2, 400000, 0, 0, 0, 0, 2, 400000, 0, 0, 0, 0, 2, 400000, 0, 12, 2000000, 0, 0, 'system', '2021-11-25 08:45:29', 'system', '2021-11-25 08:45:29', '1'),
(148, 2021, 6, '6-2004', '62004-631', 'OPEX', 24, 5, 'Perijinan Disnaker', NULL, 0, 40, 2500000, 0, 3, 150000, 0, 1, 50000, 0, 0, 0, 0, 0, 0, 0, 0, 0, 0, 2, 100000, 0, 0, 0, 0, 0, 0, 0, 0, 0, 0, 0, 0, 0, 0, 0, 0, 46, 2800000, 0, 0, 'system', '2021-11-25 08:45:29', 'system', '2021-11-25 08:45:29', '1'),
(149, 2021, 6, '6-2004', '62004-636', 'OPEX', 24, 5, 'Umroh', NULL, 0, 0, 0, 0, 0, 0, 122000, 0, 0, 0, 3, 0, 0, 0, 0, 0, 0, 0, 0, 0, 0, 0, 0, 0, 0, 0, 0, 0, 0, 0, 0, 0, 0, 0, 0, 0, 0, 3, 0, 122000, 0, 'system', '2021-11-25 08:45:29', 'system', '2021-11-25 08:45:29', '1'),
(150, 2021, 6, '6-2009', '62009-201', 'OPEX', 38, 9, 'Tinta Printer Epson 003', NULL, 67000, 4, 268000, 280000, 0, 0, 0, 0, 0, 0, 4, 268000, 0, 0, 0, 0, 0, 0, 0, 4, 268000, 70000, 0, 0, 0, 0, 0, 0, 4, 268000, 0, 0, 0, 0, 0, 0, 0, 16, 1072000, 350000, 0, 'system', '2021-11-25 08:45:29', 'system', '2021-11-25 08:45:29', '1'),
(151, 2021, 6, '6-2010', '62010-103', 'OPEX', 32, 72, 'Jasa Psikotes', NULL, 0, 0, 479167, 0, 0, 479167, 1750000, 0, 479167, 750000, 0, 479167, 250000, 0, 479167, 0, 0, 479167, 0, 0, 479167, 1000000, 0, 479167, 0, 0, 479167, 750000, 0, 479167, 0, 0, 479167, 0, 0, 479167, 0, 0, 4791667, 4500000, 0, 'system', '2021-11-25 08:45:29', 'system', '2021-11-25 08:45:29', '1'),
(152, 2021, 6, '6-2026', '62026-101', 'OPEX', 20, 40, 'Seminar & Training', NULL, 0, 0, 0, 0, 0, 0, 0, 0, 0, 0, 0, 0, 0, 0, 0, 0, 0, 0, 0, 0, 0, 0, 0, 0, 0, 0, 0, 0, 0, 0, 0, 0, 0, 0, 0, 0, 0, 0, 0, 0, 0, 'system', '2021-11-25 08:45:29', 'system', '2021-11-25 08:45:29', '1'),
(153, 2021, 6, '6-2026', '62026-102', 'OPEX', 20, 40, 'kelahiran', NULL, 4000000, 1, 4000000, 0, 1, 4000000, 0, 1, 4000000, 0, 1, 4000000, 0, 1, 4000000, 0, 1, 4000000, 0, 1, 4000000, 0, 1, 4000000, 0, 1, 4000000, 0, 1, 4000000, 0, 1, 4000000, 0, 1, 4000000, 0, 12, 40000000, 0, 0, 'system', '2021-11-25 08:45:29', 'system', '2021-11-25 08:45:29', '1'),
(154, 2021, 6, '6-2026', '62026-103', 'OPEX', 20, 40, 'Pernikahan', NULL, 4000000, 1, 4000000, 0, 1, 4000000, 0, 1, 4000000, 0, 1, 4000000, 0, 1, 4000000, 0, 1, 4000000, 0, 1, 4000000, 0, 1, 4000000, 0, 1, 4000000, 0, 1, 4000000, 0, 1, 4000000, 0, 1, 4000000, 0, 12, 40000000, 0, 0, 'system', '2021-11-25 08:45:29', 'system', '2021-11-25 08:45:29', '1'),
(155, 2021, 6, '6-2026', '62026-104', 'OPEX', 20, 40, 'Duka Cita', NULL, 4000000, 1, 0, 8892300, 1, 0, 0, 1, 0, 0, 1, 0, 0, 1, 0, 3996300, 1, 0, 9021800, 1, 0, 3770100, 1, 0, 16712800, 1, 0, 6542100, 1, 0, 0, 1, 0, 0, 1, 0, 0, 12, 0, 48935400, 0, 'system', '2021-11-25 08:45:29', 'system', '2021-11-25 08:45:29', '1'),
(156, 2021, 6, '6-2026', '62026-105', 'OPEX', 20, 40, 'Sharing Knowledge', NULL, 0, 0, 1642000, 0, 0, 0, 0, 0, 0, 0, 0, 0, 0, 0, 0, 0, 0, 0, 0, 0, 0, 0, 0, 0, 0, 0, 0, 0, 0, 0, 0, 0, 0, 0, 0, 0, 0, 0, 1642000, 0, 0, 'system', '2021-11-25 08:45:29', 'system', '2021-11-25 08:45:29', '1'),
(157, 2021, 6, '6-2026', '62026-106', 'OPEX', 20, 40, 'Sumbangan', NULL, 0, 0, 0, 0, 0, 0, 0, 0, 0, 0, 0, 0, 0, 0, 0, 0, 0, 0, 0, 0, 0, 0, 0, 0, 0, 0, 0, 0, 0, 0, 0, 0, 0, 0, 0, 0, 0, 0, 0, 0, 0, 'system', '2021-11-25 08:45:29', 'system', '2021-11-25 08:45:29', '1'),
(158, 2021, 6, '6-2028', '62028-101', 'OPEX', 20, 40, 'Biaya BPJS Ketenagakerjaan', NULL, 0, 125, 30735147, 27612170, 128, 30735147, 0, 129, 30735147, 59569080, 129, 30735147, 30051421, 129, 30735147, 39706266, 129, 30735147, 31801588, 131, 30735147, 31801588, 131, 30735147, 31528963, 131, 30735147, 0, 131, 30735147, 31306343, 131, 30735147, 0, 131, 30735147, 0, 1555, 307351469, 283377419, 0, 'system', '2021-11-25 08:45:29', 'system', '2021-11-25 08:45:29', '1'),
(159, 2021, 6, '6-2029', '62029-101', 'OPEX', 20, 40, 'Biaya BPJS Kesehatan', NULL, 0, 125, 22136316, 0, 128, 22136316, 12221221, 129, 22136316, 17479384, 129, 22136316, 17479399, 129, 22136316, 17618377, 129, 22136316, 8362000, 131, 22136316, 17574901, 131, 22136316, 17574901, 131, 22136316, 17303706, 131, 22136316, 17366127, 131, 22136316, 0, 131, 22136316, 0, 1555, 221363155, 142980016, 0, 'system', '2021-11-25 08:45:29', 'system', '2021-11-25 08:45:29', '1'),
(160, 2021, 6, '6-2030', '62030-101', 'OPEX', 20, 40, 'Biaya Iklan', NULL, 3000000, 1, 3000000, 0, 0, 0, 0, 0, 0, 0, 0, 0, 0, 1, 3000000, 0, 0, 0, 0, 0, 0, 0, 0, 0, 0, 1, 3000000, 0, 0, 0, 0, 0, 0, 0, 0, 0, 0, 3, 9000000, 0, 0, 'system', '2021-11-25 08:45:29', 'system', '2021-11-25 08:45:29', '1'),
(161, 2021, 7, '6-1005', '61005-108', 'OPEX', 14, 26, 'Bensin Kegiatan HSE', NULL, 10000, 0, 0, 0, 5, 50000, 0, 0, 0, 0, 0, 0, 0, 0, 0, 0, 0, 0, 0, 0, 0, 0, 0, 0, 0, 0, 0, 0, 0, 0, 0, 10, 100000, 0, 0, 0, 0, 15, 150000, 0, 0, 'system', '2021-11-25 11:50:46', 'system', '2021-11-25 11:50:46', '1'),
(162, 2021, 7, '6-1010', '61010-103', 'OPEX', 36, 90, 'Kabel thiess 30 cm', NULL, 40000, 2, 80000, 0, 0, 0, 0, 0, 0, 0, 0, 0, 0, 0, 0, 0, 0, 0, 0, 2, 80000, 0, 0, 0, 0, 0, 0, 0, 0, 0, 0, 0, 0, 0, 0, 0, 0, 4, 160000, 0, 0, 'system', '2021-11-25 11:50:46', 'system', '2021-11-25 11:50:46', '1'),
(163, 2021, 7, '6-1010', '61010-108', 'OPEX', 36, 90, 'Instalasi hydrant', NULL, 500000000, 0, 0, 0, 0, 0, 0, 0, 0, 0, 0, 0, 0, 0, 0, 0, 0, 0, 0, 0, 0, 0, 0, 0, 0, 0, 0, 0, 0, 0, 0, 0, 0, 0, 0, 0, 0, 0, 0, 0, 0, 'system', '2021-11-25 11:50:46', 'system', '2021-11-25 11:50:46', '1'),
(164, 2021, 7, '6-1010', '61010-136', 'OPEX', 36, 90, 'Refill APAR', NULL, 60000, 0, 0, 0, 80, 4800000, 0, 0, 0, 0, 0, 0, 0, 0, 0, 0, 60, 3600000, 0, 0, 0, 0, 0, 0, 0, 0, 0, 0, 60, 3600000, 0, 0, 0, 0, 0, 0, 0, 200, 12000000, 0, 0, 'system', '2021-11-25 11:50:46', 'system', '2021-11-25 11:50:46', '1'),
(165, 2021, 7, '6-1011', '61011-117', 'OPEX', 4, 3, 'Mouse ', NULL, 300000, 0, 0, 0, 0, 0, 0, 1, 300000, 0, 0, 0, 0, 0, 0, 0, 0, 0, 0, 0, 0, 0, 0, 0, 0, 0, 0, 0, 0, 0, 0, 0, 0, 0, 0, 0, 0, 1, 300000, 0, 0, 'system', '2021-11-25 11:50:46', 'system', '2021-11-25 11:50:46', '1'),
(166, 2021, 7, '6-1011', '61011-118', 'OPEX', 4, 3, 'Pointer', NULL, 750000, 0, 0, 0, 0, 0, 0, 1, 750000, 0, 0, 0, 0, 0, 0, 0, 0, 0, 0, 0, 0, 0, 0, 0, 0, 0, 0, 0, 0, 0, 0, 0, 0, 0, 0, 0, 0, 1, 750000, 0, 0, 'system', '2021-11-25 11:50:46', 'system', '2021-11-25 11:50:46', '1'),
(167, 2021, 7, '6-2004', '62004-632', 'OPEX', 24, 5, 'Spanduk K3', NULL, 0, 0, 0, 0, 0, 0, 213960, 0, 0, 0, 0, 0, 0, 0, 0, 0, 0, 0, 0, 0, 0, 0, 0, 0, 0, 0, 0, 0, 0, 0, 0, 0, 0, 0, 0, 0, 0, 0, 0, 213960, 0, 'system', '2021-11-25 11:50:46', 'system', '2021-11-25 11:50:46', '1'),
(168, 2021, 7, '6-2004', '62004-401', 'OPEX', 24, 5, 'Kelengkapan Isi Kotak P3k', NULL, 0, 0, 0, 0, 120, 3136000, 0, 0, 0, 0, 0, 0, 0, 0, 0, 0, 60, 1410000, 0, 0, 0, 0, 0, 0, 0, 0, 0, 0, 0, 0, 0, 0, 0, 0, 0, 2558000, 2558000, 180, 7104000, 2558000, 0, 'system', '2021-11-25 11:50:46', 'system', '2021-11-25 11:50:46', '1'),
(169, 2021, 7, '6-2004', '62004-402', 'OPEX', 24, 5, 'Penanganan COVID-19', NULL, 100000, 5, 0, 0, 5, 0, 26914000, 5, 0, 1050000, 5, 0, 0, 5, 0, 0, 5, 0, 180000, 5, 0, 31005900, 5, 0, 16130000, 5, 0, 6360940, 5, 0, 12555000, 5, 0, 0, 0, 0, 0, 55, 0, 94195840, 0, 'system', '2021-11-25 11:50:46', 'system', '2021-11-25 11:50:46', '1'),
(170, 2021, 7, '6-2004', '62004-404', 'OPEX', 24, 5, 'Perlengkapan', NULL, 50000, 1, 75000, 0, 390, 200000, 0, 0, 0, 0, 0, 0, 0, 0, 0, 0, 6, 1000000, 0, 2, 75000, 0, 0, 0, 0, 0, 0, 0, 0, 0, 0, 2, 0, 0, 0, 0, 0, 401, 1350000, 0, 0, 'system', '2021-11-25 11:50:46', 'system', '2021-11-25 11:50:46', '1'),
(171, 2021, 7, '6-2004', '62004-637', 'OPEX', 24, 5, 'Weekly Safety Meeting', NULL, 300000, 4, 0, 0, 4, 0, 325500, 4, 0, 0, 4, 0, 0, 5, 0, 0, 4, 0, 0, 5, 0, 0, 5, 0, 0, 4, 0, 862500, 5, 0, 915000, 4, 0, 0, 4, 0, 0, 52, 0, 2103000, 0, 'system', '2021-11-25 11:50:46', 'system', '2021-11-25 11:50:46', '1'),
(172, 2021, 7, '6-2004', '62004-638', 'OPEX', 24, 5, 'Product Knowledge', NULL, 1500000, 0, 0, 0, 0, 0, 0, 0, 0, 0, 1, 1500000, 0, 0, 0, 0, 0, 0, 0, 0, 0, 0, 0, 0, 0, 0, 0, 0, 0, 0, 0, 0, 0, 0, 0, 0, 0, 1, 1500000, 0, 0, 'system', '2021-11-25 11:50:46', 'system', '2021-11-25 11:50:46', '1'),
(173, 2021, 7, '6-2004', '62004-639', 'OPEX', 24, 5, 'Forklift', NULL, 1500000, 0, 0, 0, 0, 0, 0, 0, 0, 0, 0, 0, 0, 0, 0, 0, 1, 1500000, 0, 0, 0, 0, 0, 0, 0, 0, 0, 0, 0, 0, 0, 0, 0, 0, 0, 0, 0, 1, 1500000, 0, 0, 'system', '2021-11-25 11:50:46', 'system', '2021-11-25 11:50:46', '1'),
(174, 2021, 7, '6-2004', '62004-640', 'OPEX', 24, 5, 'Reachstacker', NULL, 1500000, 0, 0, 0, 0, 0, 0, 0, 0, 0, 0, 0, 0, 0, 0, 0, 0, 0, 0, 0, 0, 0, 1, 1500000, 0, 0, 0, 0, 0, 0, 0, 0, 0, 0, 0, 0, 0, 1, 1500000, 0, 0, 'system', '2021-11-25 11:50:46', 'system', '2021-11-25 11:50:46', '1'),
(175, 2021, 7, '6-2004', '62004-641', 'OPEX', 24, 5, 'Tes alkohol', NULL, 3000000, 0, 0, 0, 0, 0, 0, 0, 0, 0, 1, 3000000, 0, 0, 0, 0, 0, 0, 0, 0, 0, 0, 0, 0, 0, 1, 3000000, 0, 0, 0, 0, 0, 0, 0, 0, 0, 0, 2, 6000000, 0, 0, 'system', '2021-11-25 11:50:46', 'system', '2021-11-25 11:50:46', '1'),
(176, 2021, 7, '6-2004', '62004-642', 'OPEX', 24, 5, 'Tes narkoba', NULL, 3000000, 0, 0, 0, 1, 3000000, 0, 0, 0, 0, 0, 0, 0, 0, 0, 0, 0, 0, 0, 1, 3000000, 0, 0, 0, 0, 0, 0, 0, 0, 0, 0, 0, 0, 0, 0, 0, 0, 2, 6000000, 0, 0, 'system', '2021-11-25 11:50:46', 'system', '2021-11-25 11:50:46', '1'),
(177, 2021, 7, '6-2005', '62005-101', 'OPEX', 25, 2, 'Pulsa', NULL, 50000, 1, 50000, 0, 1, 50000, 0, 1, 50000, 0, 1, 50000, 0, 1, 50000, 0, 1, 50000, 0, 1, 50000, 0, 1, 50000, 0, 1, 50000, 0, 1, 50000, 0, 1, 50000, 0, 1, 50000, 0, 12, 600000, 0, 0, 'system', '2021-11-25 11:50:46', 'system', '2021-11-25 11:50:46', '1'),
(178, 2021, 7, '6-2007', '62007-119', 'OPEX', 25, 2, 'Perizinan TPS Limbah B3', NULL, 50000000, 0, 0, 0, 0, 0, 0, 0, 0, 0, 0, 0, 0, 0, 0, 0, 0, 0, 0, 0, 0, 0, 0, 0, 0, 0, 0, 0, 0, 0, 0, 0, 0, 0, 0, 0, 0, 0, 0, 0, 0, 'system', '2021-11-25 11:50:46', 'system', '2021-11-25 11:50:46', '1'),
(179, 2021, 7, '6-2007', '62007-120', 'OPEX', 25, 2, 'Perizinan Lingkungan', NULL, 250000000, 0, 0, 0, 0, 0, 0, 0, 0, 0, 0, 0, 0, 0, 0, 0, 0, 0, 0, 0, 0, 0, 0, 0, 0, 0, 0, 0, 0, 0, 0, 0, 0, 0, 0, 0, 0, 0, 0, 0, 0, 'system', '2021-11-25 11:50:46', 'system', '2021-11-25 11:50:46', '1'),
(180, 2021, 7, '6-2007', '62007-121', 'OPEX', 25, 2, 'SKP & Lisensi K3 Kemnaker RI ', NULL, 0, 0, 0, 0, 0, 0, 1500000, 0, 0, 0, 0, 0, 0, 0, 0, 0, 0, 0, 0, 0, 0, 0, 0, 0, 0, 0, 0, 0, 0, 0, 0, 0, 0, 0, 0, 0, 0, 0, 0, 1500000, 0, 'system', '2021-11-25 11:50:46', 'system', '2021-11-25 11:50:46', '1'),
(181, 2021, 7, '6-2009', '62009-204', 'OPEX', 29, 67, 'ATK', NULL, 0, 32, 3750000, 0, 4, 480000, 0, 2, 100000, 0, 0, 0, 0, 2, 100000, 0, 0, 0, 0, 2, 100000, 0, 0, 0, 0, 2, 100000, 89000, 0, 0, 0, 3, 450000, 0, 4, 480000, 0, 51, 5560000, 89000, 0, 'system', '2021-11-25 11:50:46', 'system', '2021-11-25 11:50:46', '1'),
(182, 2021, 7, '6-2009', '62009-301', 'OPEX', 38, 68, 'Cetakan', NULL, 0, 0, 0, 0, 501, 1750000, 0, 0, 0, 84000, 0, 0, 0, 501, 1750000, 0, 0, 0, 0, 0, 0, 0, 501, 1750000, 0, 0, 0, 0, 0, 0, 0, 1, 1000000, 0, 500, 750000, 0, 2004, 7000000, 84000, 0, 'system', '2021-11-25 11:50:46', 'system', '2021-11-25 11:50:46', '1'),
(183, 2021, 7, '6-2010', '62010-104', 'OPEX', 55, 160, 'Pembicara Health Talk', NULL, 15000000, 0, 0, 0, 0, 0, 0, 0, 0, 0, 0, 0, 0, 0, 0, 0, 0, 0, 0, 0, 0, 0, 0, 0, 0, 0, 0, 0, 1, 0, 0, 0, 0, 0, 0, 0, 0, 1, 0, 0, 0, 'system', '2021-11-25 11:50:46', 'system', '2021-11-25 11:50:46', '1'),
(184, 2021, 7, '6-2026', '62026-109', 'OPEX', 21, 214, '1 orang HOC terbaik/bulan', NULL, 200000, 1, 200000, 0, 1, 200000, 0, 1, 200000, 0, 1, 200000, 0, 1, 200000, 0, 1, 200000, 0, 1, 200000, 0, 1, 200000, 0, 1, 200000, 0, 1, 200000, 0, 1, 200000, 0, 1, 200000, 0, 12, 2400000, 0, 0, 'system', '2021-11-25 11:50:46', 'system', '2021-11-25 11:50:46', '1'),
(185, 2021, 7, '6-2026', '62026-110', 'OPEX', 21, 214, '3 orang HOC terbanyak/bulan', NULL, 450000, 1, 450000, 0, 1, 450000, 0, 1, 450000, 0, 1, 450000, 0, 1, 450000, 0, 1, 450000, 0, 1, 450000, 0, 1, 450000, 0, 1, 450000, 0, 1, 450000, 0, 1, 450000, 0, 1, 450000, 0, 12, 5400000, 0, 0, 'system', '2021-11-25 11:50:46', 'system', '2021-11-25 11:50:46', '1'),
(186, 2021, 7, '6-2026', '62026-111', 'OPEX', 21, 214, 'Token/gift', NULL, 100000, 0, 0, 0, 0, 0, 0, 0, 0, 0, 0, 0, 0, 0, 0, 0, 0, 0, 0, 0, 0, 0, 0, 0, 0, 0, 0, 0, 0, 0, 0, 0, 0, 0, 20, 2000000, 0, 20, 2000000, 0, 0, 'system', '2021-11-25 11:50:46', 'system', '2021-11-25 11:50:46', '1'),
(187, 2021, 7, '6-2026', '62026-112', 'OPEX', 21, 214, 'Lomba Vidio', NULL, 3000000, 0, 0, 0, 0, 0, 0, 0, 0, 0, 1, 3000000, 0, 0, 0, 0, 0, 0, 0, 0, 0, 0, 0, 0, 0, 0, 0, 0, 0, 0, 0, 0, 0, 0, 0, 0, 0, 1, 3000000, 0, 0, 'system', '2021-11-25 11:50:46', 'system', '2021-11-25 11:50:46', '1'),
(188, 2021, 7, '6-2026', '62026-113', 'OPEX', 21, 214, 'Best employee in safety', NULL, 1000000, 0, 0, 0, 0, 0, 0, 0, 0, 0, 0, 0, 0, 0, 0, 0, 0, 0, 0, 0, 0, 0, 0, 0, 0, 0, 0, 0, 0, 0, 0, 0, 0, 0, 1, 1000000, 0, 1, 1000000, 0, 0, 'system', '2021-11-25 11:50:46', 'system', '2021-11-25 11:50:46', '1'),
(189, 2021, 7, '6-2026', '62026-114', 'OPEX', 21, 214, 'Bulan K3 2020', NULL, 25000000, 1, 25000000, 0, 0, 0, 0, 0, 0, 0, 0, 0, 0, 0, 0, 0, 0, 0, 0, 0, 0, 0, 0, 0, 0, 0, 0, 0, 0, 0, 0, 0, 0, 0, 0, 0, 0, 1, 25000000, 0, 0, 'system', '2021-11-25 11:50:46', 'system', '2021-11-25 11:50:46', '1'),
(190, 2021, 8, '6-1007', '61007-201', 'OPEX', 16, 32, 'Sewa Radio Wireless', NULL, 0, 2, 20847000, 20847000, 2, 20847000, 20847000, 2, 20847000, 20847000, 2, 20847000, 20847000, 2, 20847000, 20847000, 2, 20847000, 20847000, 2, 20847000, 20847000, 2, 20847000, 20847000, 2, 20847000, 20847000, 2, 20847000, 3500000, 2, 20847000, 0, 2, 20847000, 0, 24, 250164000, 191123000, 0, 'system', '2021-11-25 12:05:58', 'system', '2021-11-25 12:05:58', '1'),
(191, 2021, 8, '6-1010', '61010-111', 'OPEX', 16, 32, 'Kebutuhan lain-lain', NULL, 0, 0, 0, 0, 0, 0, 0, 0, 0, 0, 0, 0, 0, 0, 0, 0, 0, 0, 0, 0, 0, 1999091, 0, 0, 0, 0, 0, 0, 0, 0, 0, 0, 0, 0, 0, 0, 0, 0, 0, 1999091, 0, 'system', '2021-11-25 12:05:58', 'system', '2021-11-25 12:05:58', '1'),
(192, 2021, 8, '6-1011', '61011-101', 'OPEX', 4, 3, 'Perawatan System IT BICT', NULL, 0, 2, 7781743, 10003500, 1, 7781743, 9742500, 1, 7781743, 8824500, 1, 7781743, 53532000, 1, 7781743, 8365500, 1, 7781743, 65865500, 1, 7781743, 32731000, 1, 7781743, 7708500, 1, 7781743, 57620600, 1, 7781743, 0, 1, 7781743, 0, 1, 7781743, 0, 13, 93380915, 254393600, 0, 'system', '2021-11-25 12:05:58', 'system', '2021-11-25 12:05:58', '1'),
(193, 2021, 8, '6-1011', '61011-102', 'OPEX', 4, 3, 'Alat Kerja IT', NULL, 0, 5, 800000, 0, 2, 100000, 0, 0, 0, 0, 1, 100000, 0, 0, 0, 0, 3, 1300000, 0, 3, 600000, 0, 1, 50000, 0, 0, 0, 0, 0, 0, 0, 0, 0, 0, 3, 150000, 0, 18, 3100000, 0, 0, 'system', '2021-11-25 12:05:58', 'system', '2021-11-25 12:05:58', '1'),
(194, 2021, 8, '6-1011', '61011-103', 'OPEX', 4, 3, 'Alat Bantu Kerja IT', NULL, 0, 11, 380000, 0, 11, 386000, 1110500, 9, 411000, 0, 14, 401000, 0, 5, 260000, 0, 5, 260000, 0, 14, 450000, 240000, 7, 395000, 0, 5, 260000, 240000, 13, 386000, 309000, 9, 331000, 0, 11, 456000, 0, 114, 4376000, 1899500, 0, 'system', '2021-11-25 12:05:58', 'system', '2021-11-25 12:05:58', '1'),
(195, 2021, 8, '6-1011', '61011-104', 'OPEX', 4, 3, 'Pembelian Kabel Keperluan IT', NULL, 0, 0, 0, 0, 5, 35000, 347000, 0, 0, 40000, 0, 0, 49200, 2, 80000, 2150000, 3, 120000, 0, 0, 0, 0, 1, 55000, 0, 3, 120000, 0, 0, 0, 0, 0, 0, 0, 0, 0, 0, 14, 410000, 2586200, 0, 'system', '2021-11-25 12:05:58', 'system', '2021-11-25 12:05:58', '1'),
(196, 2021, 8, '6-1011', '61011-105', 'OPEX', 4, 3, 'Pembelian, Perawatan dan Perbaikan UPS', NULL, 0, 6, 2020000, 570000, 6, 2020000, 1140000, 6, 2020000, 0, 6, 2020000, 0, 8, 2580000, 570000, 9, 3555000, 0, 6, 1680000, 1710000, 6, 1680000, 0, 7, 2655000, 1140000, 6, 1680000, 0, 7, 2655000, 0, 6, 1680000, 0, 79, 26245000, 5130000, 0, 'system', '2021-11-25 12:05:58', 'system', '2021-11-25 12:05:58', '1'),
(197, 2021, 8, '6-1011', '61011-106', 'OPEX', 4, 3, 'Video Graphics Array (VGA)', NULL, 0, 0, 0, 0, 0, 0, 0, 0, 0, 0, 0, 0, 0, 0, 0, 0, 0, 0, 0, 0, 0, 0, 1, 500000, 0, 0, 0, 920000, 0, 0, 0, 0, 0, 0, 1, 500000, 0, 2, 1000000, 920000, 0, 'system', '2021-11-25 12:05:58', 'system', '2021-11-25 12:05:58', '1'),
(198, 2021, 8, '6-1011', '61011-107', 'OPEX', 4, 3, 'Pembelian, Perawatan dan Perbaikan Networking', NULL, 0, 1, 0, 0, 2, 0, 0, 5, 0, 0, 2, 0, 0, 2, 0, 1097000, 3, 0, 0, 0, 0, 0, 9, 0, 0, 1, 0, 0, 3, 0, 0, 1, 0, 0, 2, 0, 0, 31, 0, 1097000, 0, 'system', '2021-11-25 12:05:58', 'system', '2021-11-25 12:05:58', '1'),
(199, 2021, 8, '6-1011', '61011-109', 'OPEX', 4, 3, 'Pembelian Software & Licensi', NULL, 0, 0, 0, 0, 0, 0, 0, 18, 54709776, 0, 0, 0, 0, 0, 0, 14500000, 0, 0, 0, 0, 0, 0, 0, 0, 0, 0, 0, 12397500, 0, 0, 0, 0, 0, 0, 0, 0, 0, 18, 54709776, 26897500, 0, 'system', '2021-11-25 12:05:58', 'system', '2021-11-25 12:05:58', '1'),
(200, 2021, 8, '6-1011', '61011-110', 'OPEX', 4, 3, 'Perawatan CCTV', NULL, 0, 0, 0, 0, 1, 1500000, 0, 2, 3020000, 649000, 0, 0, 0, 1, 380000, 0, 0, 0, 0, 3, 4520000, 0, 0, 0, 0, 0, 0, 2345000, 3, 4520000, 177000, 0, 0, 0, 0, 0, 0, 10, 13940000, 3171000, 0, 'system', '2021-11-25 12:05:58', 'system', '2021-11-25 12:05:58', '1'),
(201, 2021, 8, '6-1011', '61011-111', 'OPEX', 4, 3, 'Pembelian dan Perawatan Printer', NULL, 0, 0, 0, 0, 4, 3335000, 1768370, 1, 185000, 0, 0, 0, 0, 3, 3185000, 0, 0, 0, 0, 2, 650000, 0, 3, 835000, 0, 0, 0, 0, 3, 3150000, 0, 0, 0, 0, 3, 2835000, 0, 19, 14175000, 1768370, 0, 'system', '2021-11-25 12:05:58', 'system', '2021-11-25 12:05:58', '1'),
(202, 2021, 8, '6-1011', '61011-112', 'OPEX', 4, 3, 'Pengembangan Sistem', NULL, 0, 2, 0, 0, 0, 0, 1000000, 1, 0, 0, 0, 0, 0, 0, 0, 0, 2, 0, 0, 0, 0, 0, 2, 0, 0, 0, 0, 0, 0, 0, 0, 0, 0, 0, 0, 0, 0, 7, 0, 1000000, 0, 'system', '2021-11-25 12:05:58', 'system', '2021-11-25 12:05:58', '1'),
(203, 2021, 8, '6-1011', '61011-113', 'OPEX', 4, 3, 'Harddisk Eksternal', NULL, 0, 0, 0, 0, 1, 920000, 0, 0, 0, 0, 0, 0, 0, 0, 0, 0, 0, 0, 0, 0, 0, 0, 0, 0, 0, 0, 0, 0, 0, 0, 0, 0, 0, 0, 0, 0, 0, 1, 920000, 0, 0, 'system', '2021-11-25 12:05:58', 'system', '2021-11-25 12:05:58', '1'),
(204, 2021, 8, '6-1011', '61011-114', 'OPEX', 4, 3, 'Perawatan Display (TV)', NULL, 0, 0, 0, 0, 6, 2768552, 0, 0, 0, 0, 0, 0, 0, 1, 1000000, 0, 0, 0, 0, 0, 0, 0, 0, 0, 0, 0, 0, 0, 4, 1800000, 0, 1, 1000000, 0, 0, 0, 0, 12, 6568552, 0, 0, 'system', '2021-11-25 12:05:58', 'system', '2021-11-25 12:05:58', '1'),
(205, 2021, 8, '6-1011', '61011-115', 'OPEX', 4, 3, 'Perawatan dan Perbaikan Infocus', NULL, 0, 0, 0, 0, 0, 0, 0, 0, 0, 0, 0, 0, 0, 0, 0, 0, 0, 0, 0, 0, 0, 0, 0, 0, 0, 0, 0, 0, 0, 0, 0, 0, 0, 0, 0, 0, 0, 0, 0, 0, 0, 'system', '2021-11-25 12:05:58', 'system', '2021-11-25 12:05:58', '1'),
(206, 2021, 8, '6-1011', '61011-116', 'OPEX', 4, 3, 'Video Conference', NULL, 0, 0, 0, 0, 0, 0, 0, 0, 0, 2416300, 0, 0, 478200, 0, 0, 0, 0, 0, 0, 0, 0, 0, 0, 0, 0, 0, 0, 0, 0, 0, 0, 0, 0, 0, 0, 0, 0, 0, 0, 2894500, 0, 'system', '2021-11-25 12:05:58', 'system', '2021-11-25 12:05:58', '1'),
(207, 2021, 8, '6-1011', '61011-117', 'OPEX', 4, 3, 'Perawatan Komputer (Service & Spare part dll)', NULL, 0, 6, 1000000, 2587500, 9, 2850000, 3400000, 7, 2575000, 7030000, 6, 1000000, 2882000, 10, 3250000, 5730000, 7, 2575000, 1435000, 8, 3075000, 10080000, 6, 1000000, 2380000, 6, 1000000, 1155000, 9, 2850000, 1330000, 7, 2575000, 0, 7, 1400000, 0, 88, 25150000, 38009500, 0, 'system', '2021-11-25 12:05:58', 'system', '2021-11-25 12:05:58', '1'),
(208, 2021, 8, '6-1011', '61011-118', 'OPEX', 4, 3, 'Pembelian, Perawatan, Perbaikan Access Door', NULL, 0, 0, 0, 0, 0, 0, 0, 0, 0, 0, 0, 0, 0, 0, 0, 0, 0, 0, 0, 0, 0, 0, 0, 0, 0, 0, 0, 0, 0, 0, 0, 0, 0, 0, 13, 1500000, 0, 13, 1500000, 0, 0, 'system', '2021-11-25 12:05:58', 'system', '2021-11-25 12:05:58', '1'),
(209, 2021, 8, '6-2005', '62005-101', 'OPEX', 25, 2, 'Pulsa Operasional ', NULL, 50000, 1, 50000, 0, 0, 0, 0, 0, 0, 0, 1, 50000, 0, 0, 0, 0, 0, 0, 0, 1, 50000, 0, 0, 0, 0, 0, 0, 0, 1, 50000, 0, 0, 0, 0, 0, 0, 0, 4, 200000, 0, 0, 'system', '2021-11-25 12:05:58', 'system', '2021-11-25 12:05:58', '1'),
(210, 2021, 8, '6-2005', '62005-102', 'OPEX', 25, 2, 'Pemakaian Telephone ', NULL, 0, 0, 0, 0, 0, 0, 0, 0, 0, 0, 0, 0, 0, 0, 0, 0, 0, 0, 0, 0, 0, 0, 0, 0, 0, 0, 0, 0, 0, 0, 0, 0, 0, 0, 0, 0, 0, 0, 0, 0, 0, 'system', '2021-11-25 12:05:58', 'system', '2021-11-25 12:05:58', '1'),
(211, 2021, 8, '6-2005', '62005-103', 'OPEX', 25, 2, 'Internet ', NULL, 15590000, 1, 10134935, 14563060, 1, 10134935, 14563060, 1, 10134935, 14563060, 1, 10134935, 14563060, 1, 10134935, 14563060, 1, 10134935, 14563060, 1, 10134935, 14563060, 1, 10134935, 14563060, 1, 10134935, 14563060, 1, 10134935, 22585260, 1, 10134935, 0, 1, 10134935, 0, 12, 121619220, 153652800, 0, 'system', '2021-11-25 12:05:58', 'system', '2021-11-25 12:05:58', '1'),
(212, 2021, 8, '6-2005', '62005-104', 'OPEX', 25, 2, 'Upgrade Internet ', NULL, 4783334, 1, 4783334, 0, 1, 4783334, 0, 1, 4783334, 0, 1, 4783334, 0, 1, 4783334, 0, 1, 4783334, 0, 1, 4783334, 0, 1, 4783334, 0, 1, 4783334, 0, 1, 4783334, 0, 1, 4783334, 0, 1, 4783334, 0, 12, 57400008, 0, 0, 'system', '2021-11-25 12:05:58', 'system', '2021-11-25 12:05:58', '1'),
(213, 2021, 8, '6-2009', '62009-204', 'OPEX', 29, 66, 'Tinta Refill Epson T664', NULL, 75000, 0, 0, 0, 0, 0, 0, 0, 0, 0, 0, 0, 0, 0, 0, 0, 4, 300000, 0, 0, 0, 0, 0, 0, 0, 0, 0, 0, 0, 0, 0, 0, 0, 0, 4, 300000, 0, 8, 600000, 0, 0, 'system', '2021-11-25 12:05:58', 'system', '2021-11-25 12:05:58', '1'),
(214, 2021, 9, '6-1005', '61005-101', 'OPEX', 14, 14, 'BBM', NULL, 0, 14, 1780000, 2094100, 14, 1841000, 1968900, 14, 1810000, 1964700, 14, 1788000, 1949000, 14, 1865000, 1732900, 14, 1807000, 1921100, 14, 1836000, 1958400, 14, 1803000, 1498700, 14, 1826000, 1422500, 14, 1832000, 1871100, 14, 1807000, 0, 14, 1893000, 0, 168, 18188000, 18381400, 0, 'system', '2021-11-25 12:25:29', 'system', '2021-11-25 12:25:29', '1'),
(215, 2021, 9, '6-1005', '61005-201', 'OPEX', 14, 14, 'Parkir', NULL, 0, 2, 55500, 4000, 2, 47500, 8000, 2, 47500, 10000, 2, 47500, 18000, 2, 47500, 10000, 2, 47500, 18000, 2, 47500, 8000, 2, 47500, 14000, 2, 47500, 18000, 2, 47500, 14000, 2, 47500, 0, 2, 47500, 0, 24, 483000, 122000, 0, 'system', '2021-11-25 12:25:29', 'system', '2021-11-25 12:25:29', '1'),
(216, 2021, 9, '6-1005', '61005-301', 'OPEX', 14, 14, 'Tol', NULL, 0, 3, 1365500, 1103000, 3, 1277500, 1654500, 3, 1277500, 1500000, 3, 1277500, 1500000, 3, 1277500, 1500000, 3, 1277500, 1603000, 3, 1277500, 1599000, 3, 1277500, 1603000, 3, 1277500, 1508000, 3, 1277500, 1603000, 3, 1277500, 0, 3, 1277500, 0, 36, 12863000, 15173500, 0, 'system', '2021-11-25 12:25:29', 'system', '2021-11-25 12:25:29', '1'),
(217, 2021, 9, '6-1010', '61010-101', 'OPEX', 36, 90, 'Pembelian Inventaris kantor (Kursi)', NULL, 600000, 0, 0, 0, 0, 0, 0, 0, 0, 0, 0, 0, 0, 0, 0, 0, 1, 600000, 0, 0, 0, 0, 0, 0, 0, 0, 0, 0, 0, 0, 0, 0, 0, 0, 0, 0, 0, 1, 600000, 0, 0, 'system', '2021-11-25 12:25:29', 'system', '2021-11-25 12:25:29', '1'),
(218, 2021, 9, '6-1010', '61010-102', 'OPEX', 36, 90, 'Service Mesin Hitung Uang', NULL, 700000, 1, 700000, 0, 0, 0, 0, 0, 0, 0, 0, 0, 0, 0, 0, 0, 0, 0, 0, 0, 0, 0, 0, 0, 0, 0, 0, 0, 0, 0, 0, 0, 0, 0, 0, 0, 0, 1, 700000, 0, 0, 'system', '2021-11-25 12:25:29', 'system', '2021-11-25 12:25:29', '1'),
(219, 2021, 9, '6-1010', '61010-103', 'OPEX', 36, 90, 'Perawatan dan perbaikan Mobil Operasional Manager', NULL, 50000, 4, 200000, 0, 4, 200000, 0, 4, 200000, 0, 4, 200000, 0, 4, 200000, 0, 4, 200000, 0, 4, 200000, 0, 4, 200000, 0, 4, 200000, 0, 4, 200000, 0, 4, 200000, 0, 4, 200000, 0, 48, 2000000, 0, 0, 'system', '2021-11-25 12:25:29', 'system', '2021-11-25 12:25:29', '1'),
(220, 2021, 9, '6-2004', '62004-106', 'OPEX', 24, 5, 'Kebutuhan Mess', NULL, 5100000, 1, 5100000, 3972600, 1, 5100000, 3052600, 1, 5100000, 4244500, 1, 5100000, 3909300, 1, 5100000, 4170100, 1, 5100000, 6242600, 1, 5100000, 4110800, 1, 5100000, 3864100, 1, 5100000, 4379500, 1, 5100000, 5659733, 1, 5100000, 0, 1, 5100000, 0, 12, 51000000, 43605833, 0, 'system', '2021-11-25 12:25:29', 'system', '2021-11-25 12:25:29', '1'),
(221, 2021, 9, '6-2004', '62004-203', 'OPEX', 24, 5, 'Akomodasi Makan Direksi', NULL, 800000, 0, 0, 0, 0, 0, 0, 0, 0, 100000, 0, 0, 75000, 0, 0, 0, 0, 0, 0, 0, 0, 0, 1, 800000, 0, 0, 0, 36520400, 0, 0, 0, 0, 0, 0, 0, 0, 0, 1, 800000, 36695400, 0, 'system', '2021-11-25 12:25:29', 'system', '2021-11-25 12:25:29', '1'),
(222, 2021, 9, '6-2004', '62004-406', 'OPEX', 24, 5, 'Rain Coat', NULL, 0, 0, 0, 0, 0, 0, 0, 0, 0, 0, 0, 0, 0, 0, 0, 0, 0, 0, 95500, 0, 0, 0, 0, 0, 0, 0, 0, 0, 0, 0, 0, 0, 0, 0, 0, 0, 0, 0, 0, 95500, 0, 'system', '2021-11-25 12:25:29', 'system', '2021-11-25 12:25:29', '1'),
(223, 2021, 9, '6-2004', '62004-605', 'OPEX', 24, 56, 'Kardus, Tali dan Karet', NULL, 10000, 6, 60000, 0, 1, 10000, 0, 1, 10000, 50000, 1, 10000, 60000, 1, 10000, 0, 1, 10000, 0, 1, 10000, 0, 1, 10000, 0, 1, 10000, 0, 1, 10000, 0, 1, 10000, 0, 1, 10000, 0, 17, 150000, 110000, 0, 'system', '2021-11-25 12:25:29', 'system', '2021-11-25 12:25:29', '1'),
(224, 2021, 9, '6-2004', '62004-606', 'OPEX', 24, 56, 'Akomodasi Idul Adha', NULL, 2500000, 0, 0, 0, 0, 0, 0, 0, 0, 0, 0, 0, 0, 0, 0, 0, 0, 0, 0, 1, 2500000, 0, 0, 0, 0, 0, 0, 0, 0, 0, 0, 0, 0, 0, 0, 0, 0, 1, 2500000, 0, 0, 'system', '2021-11-25 12:25:29', 'system', '2021-11-25 12:25:29', '1'),
(225, 2021, 9, '6-2004', '62004-611', 'OPEX', 24, 56, 'Pengiriman Dokumen', NULL, 25000, 1, 25000, 25000, 1, 25000, 25000, 1, 25000, 50000, 1, 25000, 25000, 1, 25000, 25000, 1, 25000, 100000, 1, 25000, 0, 1, 25000, 25000, 1, 25000, 22000, 1, 25000, 74000, 1, 25000, 0, 1, 25000, 0, 12, 250000, 371000, 0, 'system', '2021-11-25 12:25:29', 'system', '2021-11-25 12:25:29', '1'),
(226, 2021, 9, '6-2004', '62004-612', 'OPEX', 24, 56, 'Biaya Sewa Mess Assisten SPV', NULL, 1250000, 1, 1250000, 1041667, 1, 1250000, 1041667, 1, 1250000, 1041667, 1, 1250000, 1041667, 1, 1250000, 1041667, 1, 1250000, 1041667, 1, 1250000, 1041667, 1, 1250000, 1020833, 1, 1250000, 1110833, 1, 1250000, 1020833, 1, 1250000, 0, 1, 1250000, 0, 12, 12500000, 10444167, 0, 'system', '2021-11-25 12:25:29', 'system', '2021-11-25 12:25:29', '1'),
(227, 2021, 9, '6-2004', '62004-613', 'OPEX', 24, 56, 'Biaya Sewa Mess SPV', NULL, 1416667, 1, 1416667, 1166667, 1, 1416667, 1166667, 1, 1416667, 1166667, 1, 1416667, 1166667, 1, 1416667, 1991667, 1, 1416667, 1166667, 1, 1416667, 1166667, 1, 1416667, 1166667, 1, 1416667, 1256667, 1, 1416667, 1166667, 1, 1416667, 0, 1, 1416667, 0, 12, 14166667, 12581667, 0, 'system', '2021-11-25 12:25:29', 'system', '2021-11-25 12:25:29', '1'),
(228, 2021, 9, '6-2004', '62004-614', 'OPEX', 24, 56, 'Biaya Sewa Mess Manager', NULL, 4166667, 1, 4166667, 3250000, 1, 4166667, 3250000, 1, 4166667, 3250000, 1, 4166667, 3250000, 1, 4166667, 3250000, 1, 4166667, 3250000, 1, 4166667, 3250000, 1, 4166667, 3250000, 1, 4166667, 3250000, 1, 4166667, 1733333, 1, 4166667, 0, 1, 4166667, 0, 12, 41666670, 30983333, 0, 'system', '2021-11-25 12:25:29', 'system', '2021-11-25 12:25:29', '1'),
(229, 2021, 9, '6-2004', '62004-620', 'OPEX', 24, 56, 'Iuran Keamanan & Kebersihan Mess Assisten Supervisor', NULL, 100000, 1, 100000, 90000, 1, 100000, 90000, 1, 100000, 90000, 1, 100000, 0, 2, 200000, 180000, 1, 100000, 90000, 1, 100000, 90000, 1, 100000, 90000, 1, 100000, 0, 1, 100000, 90000, 1, 100000, 0, 1, 100000, 0, 13, 1100000, 810000, 0, 'system', '2021-11-25 12:25:29', 'system', '2021-11-25 12:25:29', '1'),
(230, 2021, 9, '6-2004', '62004-621', 'OPEX', 24, 56, 'Iuran Keamanan & Kebersihan Mess Supervisor', NULL, 100000, 1, 100000, 90000, 1, 100000, 90000, 1, 100000, 90000, 1, 100000, 180000, 2, 200000, 180000, 1, 100000, 90000, 1, 100000, 90000, 1, 100000, 90000, 1, 100000, 0, 1, 100000, 90000, 1, 100000, 0, 1, 100000, 0, 13, 1100000, 990000, 0, 'system', '2021-11-25 12:25:29', 'system', '2021-11-25 12:25:29', '1'),
(231, 2021, 9, '6-2004', '62004-622', 'OPEX', 24, 56, 'Kebersihan dan keamanan Mess Manager', NULL, 1400000, 1, 1400000, 1000000, 1, 1400000, 1000000, 1, 1400000, 1100000, 1, 1400000, 1000000, 2, 2800000, 1100000, 1, 1400000, 1000000, 1, 1400000, 1000000, 1, 1400000, 1000000, 1, 1400000, 1000000, 1, 1400000, 1000000, 1, 1400000, 0, 1, 1400000, 0, 13, 15400000, 10200000, 0, 'system', '2021-11-25 12:25:29', 'system', '2021-11-25 12:25:29', '1'),
(232, 2021, 9, '6-2004', '62004-630', 'OPEX', 24, 56, 'PBB Mess', NULL, 2756800, 0, 0, 0, 0, 0, 0, 0, 0, 0, 0, 0, 0, 0, 0, 0, 0, 0, 0, 0, 0, 0, 1, 2756800, 3285400, 0, 0, 0, 0, 0, 0, 0, 0, 0, 0, 0, 0, 1, 2756800, 3285400, 0, 'system', '2021-11-25 12:25:29', 'system', '2021-11-25 12:25:29', '1'),
(233, 2021, 9, '6-2005', '62005-101', 'OPEX', 25, 111, 'Pulsa Operasional', NULL, 0, 0, 0, 827800, 0, 0, 808300, 0, 0, 806700, 0, 0, 775000, 0, 0, 774800, 0, 0, 823100, 0, 0, 771400, 0, 0, 842700, 0, 0, 827500, 0, 0, 783700, 0, 0, 0, 0, 0, 0, 0, 0, 8041000, 0, 'system', '2021-11-25 12:25:29', 'system', '2021-11-25 12:25:29', '1'),
(234, 2021, 9, '6-2007', '62007-116', 'OPEX', 27, 63, 'Adm Bank Operasional', NULL, 360000, 1, 360000, 245800, 1, 360000, 326100, 1, 360000, 320300, 1, 360000, 317400, 1, 360000, 160700, 1, 360000, 254500, 1, 360000, 152300, 1, 360000, 262300, 1, 360000, 235200, 1, 360000, 155300, 1, 360000, 0, 1, 360000, 0, 12, 3600000, 2429900, 0, 'system', '2021-11-25 12:25:29', 'system', '2021-11-25 12:25:29', '1'),
(235, 2021, 9, '6-2009', '62009-101', 'OPEX', 29, 67, 'ATK', NULL, 0, 5, 430000, 0, 3, 24000, 0, 2, 140000, 0, 0, 0, 64000, 5, 390000, 0, 12, 150000, 0, 1, 70000, 0, 0, 0, 0, 4, 280000, 420000, 0, 0, 183000, 1, 70000, 0, 12, 150000, 0, 45, 1484000, 667000, 0, 'system', '2021-11-25 12:25:29', 'system', '2021-11-25 12:25:29', '1'),
(236, 2021, 9, '6-2026', '62026-106', 'OPEX', 20, 40, 'Sumbangan', NULL, 2500000, 1, 2500000, 0, 0, 0, 0, 0, 0, 0, 1, 2500000, 0, 0, 0, 0, 0, 0, 5000000, 1, 2500000, 0, 0, 0, 0, 0, 0, 0, 1, 2500000, 0, 0, 0, 0, 0, 0, 0, 4, 10000000, 5000000, 0, 'system', '2021-11-25 12:25:29', 'system', '2021-11-25 12:25:29', '1'),
(237, 2021, 10, '5-0009', '50009-101', 'OPEX', 10, 18, 'Biaya Troughput Perindo', NULL, 23430000, 1, 25773000, 23430000, 1, 25773000, 23430000, 1, 25773000, 23430000, 1, 25773000, 23430000, 1, 25773000, 23430000, 1, 25773000, 23430000, 1, 25773000, 23430000, 1, 25773000, 23430000, 1, 25773000, 23430000, 1, 25773000, 23430000, 1, 25773000, 0, 1, 25773000, 0, 12, 309276000, 234300000, 0, 'system', '2021-11-25 13:26:16', 'system', '2021-11-25 13:26:16', '1'),
(238, 2021, 10, '6-1001', '61001-101', 'OPEX', 10, 18, 'Operasional Behandle BICT', NULL, 5000, 2034, 10170000, 10640000, 1594, 7970000, 10055000, 1874, 9370000, 9910000, 1969, 9845000, 8615000, 1711, 8555000, 9990000, 1988, 9940000, 7680000, 1596, 7980000, 7725000, 1913, 9565000, 7380000, 2021, 10105000, 6480000, 2166, 10830000, 5585000, 2167, 10835000, 0, 2312, 11560000, 0, 23345, 116725000, 84060000, 0, 'system', '2021-11-25 13:26:16', 'system', '2021-11-25 13:26:16', '1'),
(239, 2021, 10, '6-1003', '61003-101', 'OPEX', 12, 120, 'TKBM KOPERASI (5 Gank)', NULL, 9000000, 25, 187200000, 190800000, 23, 187200000, 194400000, 26, 187200000, 216000000, 25, 187200000, 198000000, 19, 187200000, 165600000, 25, 187200000, 187200000, 25, 187200000, 187200000, 24, 187200000, 187200000, 26, 187200000, 201600000, 25, 187200000, 183600000, 26, 187200000, 0, 25, 187200000, 0, 294, 2246400000, 1911600000, 0, 'system', '2021-11-25 13:26:16', 'system', '2021-11-25 13:26:16', '1'),
(240, 2021, 10, '6-1003', '61003-103', 'OPEX', 12, 120, 'Lembur TKBM', NULL, 18750, 252, 0, 14137500, 210, 0, 4912500, 210, 0, 2625000, 210, 0, 1443800, 504, 0, 5212600, 210, 0, 5043800, 252, 0, 393800, 294, 0, 2887600, 168, 0, 787500, 252, 0, 2100000, 168, 0, 0, 252, 0, 0, 2982, 0, 39544100, 0, 'system', '2021-11-25 13:26:16', 'system', '2021-11-25 13:26:16', '1'),
(241, 2021, 10, '6-1005', '61005-101', 'OPEX', 14, 26, 'BBM Motor Operasional', NULL, 14500, 15, 217500, 0, 12, 174000, 0, 14, 203000, 0, 13, 188500, 0, 13, 188500, 0, 13, 188500, 0, 13, 188500, 0, 13, 188500, 0, 13, 188500, 0, 13, 188500, 0, 13, 188500, 0, 14, 203000, 0, 159, 2305500, 0, 0, 'system', '2021-11-25 13:26:16', 'system', '2021-11-25 13:26:16', '1'),
(242, 2021, 10, '6-1007', '61007-105', 'OPEX', 16, 32, 'Truck Trailer 20 Feet', NULL, 80000, 978, 0, 67011620, 843, 0, 90887055, 1027, 0, 46145669, 949, 0, 0, 839, 0, 34331776, 813, 0, 28703616, 750, 0, 0, 894, 0, 47769008, 896, 0, 0, 1098, 0, 13788992, 1174, 0, 0, 1211, 0, 0, 11472, 0, 328637736, 0, 'system', '2021-11-25 13:26:16', 'system', '2021-11-25 13:26:16', '1'),
(243, 2021, 10, '6-1007', '61007-106', 'OPEX', 16, 32, 'Truck Trailer 40 Feet', NULL, 110000, 1056, 0, 134812318, 751, 0, 118220421, 847, 0, 52286457, 1020, 0, 0, 872, 0, 59497776, 1175, 0, 43919811, 846, 0, 0, 1019, 0, 129347361, 1125, 0, 0, 1069, 0, 38693655, 993, 0, 0, 1101, 0, 0, 11874, 0, 576777799, 0, 'system', '2021-11-25 13:26:16', 'system', '2021-11-25 13:26:16', '1'),
(244, 2021, 10, '6-1007', '61007-107', 'OPEX', 16, 32, 'Truck Ekatama', NULL, 0, 0, 184822024, 0, 0, 184822024, 0, 0, 184822024, 0, 0, 184822024, 214227184, 0, 184822024, 214227184, 0, 184822024, 214227184, 0, 184822024, 214227184, 0, 184822024, 214227184, 0, 184822024, 214227184, 0, 184822024, 0, 0, 184822024, 0, 0, 184822024, 0, 0, 2217864288, 1285363104, 0, 'system', '2021-11-25 13:26:16', 'system', '2021-11-25 13:26:16', '1'),
(245, 2021, 10, '6-1010', '61010-103', 'OPEX', 36, 90, 'Alat Bantu Kerja Behandle', NULL, 0, 0, 0, 0, 10, 55000, 0, 50, 15000000, 35000, 0, 0, 16660000, 3, 240000, 35000, 10, 55000, 0, 5, 2550000, 0, 50, 15000000, 0, 0, 0, 0, 10, 55000, 35000, 0, 0, 0, 0, 0, 0, 138, 32955000, 16765000, 0, 'system', '2021-11-25 13:26:16', 'system', '2021-11-25 13:26:16', '1'),
(246, 2021, 10, '6-1010', '61010-105', 'OPEX', 36, 90, 'Alat Kerja Behandle ', NULL, 0, 3, 125000, 0, 3, 300000, 0, 1, 300000, 0, 3, 80000, 0, 1, 950000, 0, 0, 0, 0, 8, 955000, 0, 0, 0, 0, 0, 0, 395000, 3, 1010000, 0, 1, 300000, 0, 0, 0, 0, 23, 4020000, 395000, 0, 'system', '2021-11-25 13:26:16', 'system', '2021-11-25 13:26:16', '1'),
(247, 2021, 10, '6-1010', '61010-109', 'OPEX', 36, 90, 'K3 TKBM', NULL, 0, 0, 0, 0, 0, 0, 0, 2, 60000, 0, 0, 0, 0, 0, 0, 0, 2, 60000, 0, 0, 0, 0, 152, 6080000, 0, 2, 60000, 0, 0, 0, 0, 0, 0, 0, 2, 60000, 0, 160, 6320000, 0, 0, 'system', '2021-11-25 13:26:16', 'system', '2021-11-25 13:26:16', '1'),
(248, 2021, 10, '6-1015', '61015-101', 'OPEX', 36, 90, 'Pembayaran Monitoring Reefer', NULL, 0, 0, 35000000, 35000000, 0, 35000000, 136152852, 0, 35000000, 35000000, 0, 35000000, 35000000, 0, 35000000, 35000000, 0, 35000000, 35000000, 0, 35000000, 35000000, 0, 35000000, 35000000, 0, 35000000, 35000000, 0, 35000000, 35000000, 0, 35000000, 0, 0, 35000000, 0, 0, 420000000, 451152852, 0, 'system', '2021-11-25 13:26:16', 'system', '2021-11-25 13:26:16', '1'),
(249, 2021, 10, '6-2004', '62004-406', 'OPEX', 24, 5, 'Rain Coat', NULL, 200000, 0, 0, 0, 0, 0, 0, 43, 8600000, 0, 0, 0, 0, 0, 0, 0, 0, 0, 0, 0, 0, 0, 0, 0, 0, 0, 0, 0, 0, 0, 0, 0, 0, 0, 0, 0, 0, 43, 8600000, 0, 0, 'system', '2021-11-25 13:26:16', 'system', '2021-11-25 13:26:16', '1'),
(250, 2021, 10, '6-2004', '62004-605', 'OPEX', 24, 5, 'Kardus Besar', NULL, 8800, 0, 0, 0, 0, 0, 0, 0, 0, 0, 0, 0, 0, 0, 0, 0, 0, 0, 0, 0, 0, 0, 10, 88000, 0, 5, 44000, 25000, 5, 44000, 0, 0, 0, 0, 0, 0, 0, 20, 176000, 25000, 0, 'system', '2021-11-25 13:26:16', 'system', '2021-11-25 13:26:16', '1'),
(251, 2021, 10, '6-2004', '62004-618', 'OPEX', 24, 56, 'Hari Besar Islam (Isra Mikraj, Maulid Nabi)', NULL, 0, 0, 0, 0, 0, 0, 0, 0, 10000000, 0, 0, 0, 0, 0, 0, 0, 0, 0, 0, 0, 0, 0, 0, 0, 0, 0, 0, 0, 0, 10000000, 0, 0, 0, 0, 0, 0, 0, 0, 20000000, 0, 0, 'system', '2021-11-25 13:26:16', 'system', '2021-11-25 13:26:16', '1'),
(252, 2021, 10, '6-2004', '62004-629', 'OPEX', 24, 56, 'Operasional Shalat Jumat Mesjid Assalam', NULL, 800000, 4, 3200000, 4000000, 3, 2400000, 2400000, 4, 3200000, 3200000, 4, 3200000, 4000000, 3, 2400000, 3200000, 4, 3200000, 3200000, 5, 4000000, 2800000, 4, 3200000, 2800000, 4, 3200000, 3200000, 5, 4000000, 4000000, 4, 3200000, 0, 4, 3200000, 0, 48, 38400000, 32800000, 0, 'system', '2021-11-25 13:26:16', 'system', '2021-11-25 13:26:16', '1'),
(253, 2021, 10, '6-2009', '62009-102', 'OPEX', 29, 67, 'Flashdisk 8 GB', NULL, 0, 0, 0, 0, 0, 0, 0, 0, 0, 0, 0, 0, 0, 0, 0, 0, 0, 0, 0, 0, 0, 0, 0, 0, 0, 0, 0, 0, 0, 0, 0, 0, 0, 0, 0, 0, 0, 0, 0, 0, 0, 'system', '2021-11-25 13:26:16', 'system', '2021-11-25 13:26:16', '1'),
(254, 2021, 10, '6-2009', '62009-117', 'OPEX', 29, 67, 'Keranjang Dokumen', NULL, 0, 0, 0, 0, 0, 0, 0, 0, 0, 0, 0, 0, 0, 0, 0, 0, 0, 0, 0, 0, 0, 0, 0, 0, 0, 0, 0, 90000, 0, 0, 0, 0, 0, 0, 0, 0, 0, 0, 0, 90000, 0, 'system', '2021-11-25 13:26:16', 'system', '2021-11-25 13:26:16', '1'),
(255, 2021, 10, '6-2009', '62009-204', 'OPEX', 29, 67, 'Tinta Printer Epson T664', NULL, 105000, 2, 210000, 0, 3, 315000, 216000, 2, 210000, 0, 3, 315000, 0, 2, 210000, 0, 3, 315000, 0, 0, 0, 0, 0, 0, 0, 0, 0, 0, 0, 0, 0, 0, 0, 0, 0, 0, 0, 15, 1575000, 216000, 0, 'system', '2021-11-25 13:26:16', 'system', '2021-11-25 13:26:16', '1'),
(256, 2021, 10, '6-2009', '62009-303', 'OPEX', 29, 67, 'Stempel', NULL, 95000, 0, 0, 0, 0, 0, 0, 0, 0, 0, 0, 0, 0, 0, 0, 0, 2, 190000, 0, 0, 0, 0, 0, 0, 0, 0, 0, 0, 0, 0, 0, 0, 0, 0, 0, 0, 0, 2, 190000, 0, 0, 'system', '2021-11-25 13:26:16', 'system', '2021-11-25 13:26:16', '1'),
(257, 2021, 11, '6-1005', '61005-101', 'OPEX', 14, 26, 'BBM', NULL, 0, 333, 582652, 1043000, 265, 582652, 894000, 343, 582652, 894000, 265, 582652, 1043000, 285, 582652, 745000, 324, 582652, 596000, 285, 582652, 894000, 265, 582652, 894000, 324, 582652, 894000, 285, 582652, 596000, 265, 582652, 0, 343, 582652, 0, 3583, 6991820, 8493000, 0, 'system', '2021-11-25 13:37:26', 'system', '2021-11-25 13:37:26', '1'),
(258, 2021, 11, '6-1005', '61005-201', 'OPEX', 14, 27, 'Parkir', NULL, 0, 135, 5000, 46000, 120, 5000, 103000, 130, 5000, 192000, 130, 5000, 126000, 125, 5000, 26000, 130, 5000, 100000, 135, 5000, 115000, 125, 5000, 85000, 130, 5000, 136000, 130, 5000, 131000, 125, 5000, 0, 135, 5000, 0, 1550, 60000, 1060000, 0, 'system', '2021-11-25 13:37:26', 'system', '2021-11-25 13:37:26', '1'),
(259, 2021, 11, '6-2004', '62004-100', 'OPEX', 24, 5, 'RTK stock', NULL, 0, 232, 5080019, 4432960, 253, 5080019, 5457980, 243, 5080019, 4598870, 221, 5080019, 4169000, 250, 5080019, 2825440, 230, 5080019, 6318980, 230, 5080019, 2977130, 237, 5080019, 5901080, 245, 5080019, 3561700, 216, 5080019, 6212590, 243, 5080019, 0, 222, 5080019, 0, 2822, 60960231, 46455730, 0, 'system', '2021-11-25 13:37:26', 'system', '2021-11-25 13:37:26', '1'),
(260, 2021, 11, '6-2004', '62004-110', 'OPEX', 24, 5, 'Obat-obatan', NULL, 0, 81, 657200, 109000, 62, 645200, 257000, 31, 195000, 412500, 44, 460100, 436000, 45, 295200, 117500, 56, 584600, 687000, 47, 360000, 295500, 37, 411400, 248500, 31, 177400, 144000, 78, 847700, 544500, 42, 341000, 0, 13, 174000, 0, 567, 5148800, 3251500, 0, 'system', '2021-11-25 13:37:26', 'system', '2021-11-25 13:37:26', '1'),
(261, 2021, 11, '6-2005', '62005-101', 'OPEX', 25, 2, 'Pulsa Operasional (HRD, CS, Billing, ACC, PCS, 2 SPV)', NULL, 102000, 12, 1224000, 1208000, 12, 1224000, 1208000, 12, 1224000, 1210000, 12, 1224000, 1210000, 12, 1224000, 1208000, 12, 1224000, 1208000, 12, 1224000, 1208000, 12, 1224000, 1208000, 12, 1224000, 1261000, 12, 1224000, 1261000, 12, 1224000, 0, 12, 1224000, 0, 144, 14688000, 12190000, 0, 'system', '2021-11-25 13:37:26', 'system', '2021-11-25 13:37:26', '1'),
(262, 2021, 11, '6-2009', '62009-100', 'OPEX', 29, 67, 'Alat Tulis Kantor (Stock)', NULL, 0, 648, 3916667, 2432733, 393, 3916667, 5225733, 442, 3916667, 3192167, 405, 3916667, 2471250, 450, 3916667, 4052583, 369, 3916667, 3137333, 519, 3916667, 4319333, 332, 3916667, 2620550, 472, 3916667, 2463067, 372, 3916667, 3385700, 415, 3916667, 0, 366, 3916667, 0, 5183, 47000000, 33300450, 0, 'system', '2021-11-25 13:37:26', 'system', '2021-11-25 13:37:26', '1'),
(263, 2021, 11, '6-2009', '62009-102', 'OPEX', 29, 67, 'Flashdisk 8 GB', NULL, 0, 0, 0, 0, 0, 0, 0, 0, 0, 0, 0, 0, 0, 0, 0, 0, 0, 0, 0, 0, 0, 0, 0, 0, 0, 0, 0, 0, 0, 0, 0, 0, 0, 0, 0, 0, 0, 0, 0, 0, 0, 'system', '2021-11-25 13:37:26', 'system', '2021-11-25 13:37:26', '1'),
(264, 2021, 11, '6-2009', '62009-105', 'OPEX', 29, 67, 'Kalkulator', NULL, 0, 0, 0, 130000, 0, 0, 0, 0, 0, 0, 0, 0, 0, 0, 0, 0, 0, 0, 0, 0, 0, 0, 0, 0, 0, 0, 0, 0, 0, 0, 0, 0, 0, 0, 0, 0, 0, 0, 0, 130000, 0, 'system', '2021-11-25 13:37:26', 'system', '2021-11-25 13:37:26', '1'),
(265, 2021, 11, '6-2009', '62009-106', 'OPEX', 29, 67, 'Rak Bertingkat ', NULL, 0, 0, 0, 0, 0, 0, 0, 0, 0, 0, 0, 0, 0, 0, 0, 0, 0, 0, 0, 0, 0, 0, 0, 0, 0, 0, 0, 0, 0, 0, 0, 0, 0, 0, 0, 0, 0, 0, 0, 0, 0, 'system', '2021-11-25 13:37:26', 'system', '2021-11-25 13:37:26', '1'),
(266, 2021, 11, '6-2009', '62009-201', 'OPEX', 29, 67, 'Tinta Printer Epson 003', NULL, 0, 0, 0, 0, 0, 0, 0, 0, 0, 0, 0, 0, 0, 0, 0, 0, 0, 0, 0, 0, 0, 70000, 0, 0, 0, 0, 0, 0, 0, 0, 0, 0, 0, 0, 0, 0, 0, 0, 0, 70000, 0, 'system', '2021-11-25 13:37:26', 'system', '2021-11-25 13:37:26', '1'),
(267, 2021, 11, '6-2009', '62009-204', 'OPEX', 29, 67, 'Tinta Printer Epson T664', NULL, 105000, 4, 420000, 0, 0, 0, 0, 0, 0, 0, 0, 0, 0, 4, 420000, 0, 0, 0, 0, 0, 0, 0, 0, 0, 0, 4, 420000, 0, 0, 0, 0, 0, 0, 0, 0, 0, 0, 12, 1260000, 0, 0, 'system', '2021-11-25 13:37:26', 'system', '2021-11-25 13:37:26', '1'),
(268, 2021, 11, '6-2009', '62009-300', 'OPEX', 29, 67, 'Cetakan ( stock )', NULL, 0, 99, 8920822, 13434500, 122, 8920822, 9895000, 94, 8920822, 24766500, 78, 8920822, 109000, 126, 8920822, 13563500, 97, 8920822, 13011500, 93, 8920822, 14042000, 122, 8920822, 10477000, 95, 8920822, 13095800, 79, 8920822, 993600, 123, 8920822, 0, 76, 8920822, 0, 1204, 107049865, 113388400, 0, 'system', '2021-11-25 13:37:26', 'system', '2021-11-25 13:37:26', '1'),
(269, 2021, 11, '6-2026', '62026-115', 'OPEX', 29, 67, 'Pembulatan', NULL, 0, 0, 0, 40, 0, 0, 10, 0, 0, 10, 0, 0, 0, 0, 0, 80, 0, 0, 0, 0, 0, 30, 0, 0, 60, 0, 0, 50, 0, 0, 60, 0, 0, 0, 0, 0, 0, 0, 0, 340, 0, 'system', '2021-11-25 13:37:26', 'system', '2021-11-25 13:37:26', '1'),
(270, 2021, 12, '6-1005', '61005-101', 'OPEX', 14, 26, 'BBM Motor Operasional', NULL, 7800, 65, 505440, 464000, 65, 505440, 754000, 65, 505440, 986000, 65, 505440, 638000, 65, 505440, 377000, 65, 505440, 696000, 65, 505440, 696000, 65, 505440, 812000, 65, 505440, 725000, 65, 505440, 667000, 65, 505440, 0, 65, 505440, 0, 778, 6065280, 6815000, 0, 'system', '2021-11-25 13:43:32', 'system', '2021-11-25 13:43:32', '1'),
(271, 2021, 12, '6-1013', '61013-101', 'OPEX', 18, 158, 'Tenaga Pengamanan ( Security ) Di Area BHD BICT ', NULL, 0, 44, 171949360, 170907243, 44, 171949360, 171558566, 44, 171949360, 171037508, 44, 171949360, 171298037, 44, 171949360, 171428302, 44, 171949360, 171428302, 44, 171949360, 171037508, 44, 171949360, 171298037, 44, 171949360, 171428302, 44, 171949360, 171558566, 44, 171949360, 0, 44, 171949360, 0, 528, 2063392320, 1712980371, 0, 'system', '2021-11-25 13:43:32', 'system', '2021-11-25 13:43:32', '1'),
(272, 2021, 12, '6-1013', '61013-102', 'OPEX', 18, 158, 'Tenaga Pengamanan ( Security ) Lembur ', NULL, 108893, 26, 4635306, 3860766, 26, 4635306, 2573844, 52, 4635306, 2573844, 26, 4635306, 5147688, 130, 4635306, 2573844, 26, 4635306, 10295376, 26, 4635306, 2573844, 52, 4635306, 2573844, 0, 4635306, 5147688, 26, 4635306, 0, 0, 4635306, 0, 26, 4635306, 0, 416, 55623672, 37320738, 0, 'system', '2021-11-25 13:43:32', 'system', '2021-11-25 13:43:32', '1'),
(273, 2021, 12, '6-1010', '61010-138', 'OPEX', 18, 158, 'Dusafe Traffic cone', NULL, 0, 0, 0, 900000, 0, 0, 0, 0, 0, 0, 0, 0, 0, 0, 0, 0, 0, 0, 0, 0, 0, 0, 0, 0, 0, 0, 0, 940000, 0, 0, 0, 0, 0, 0, 0, 0, 0, 0, 0, 1840000, 0, 'system', '2021-11-25 13:43:32', 'system', '2021-11-25 13:43:32', '1'),
(274, 2021, 12, '6-2004', '62004-401', 'OPEX', 18, 158, 'Kelengkapan Isi Kotak P3K', NULL, 0, 0, 0, 0, 0, 0, 0, 0, 0, 0, 0, 0, 0, 0, 0, 0, 0, 0, 0, 0, 0, 0, 0, 0, 0, 0, 0, 0, 0, 0, 0, 0, 0, 0, 0, 0, 0, 0, 0, 0, 0, 'system', '2021-11-25 13:43:32', 'system', '2021-11-25 13:43:32', '1'),
(275, 2021, 13, '6-1005', '61005-101', 'OPEX', 14, 26, 'BBM', NULL, 0, 55, 420750, 199500, 45, 344250, 370500, 45, 344250, 484500, 55, 420750, 313500, 45, 344250, 199500, 45, 344250, 362500, 55, 420750, 284000, 45, 344250, 384000, 45, 344250, 370500, 55, 420750, 342000, 45, 344250, 0, 45, 344250, 0, 580, 4437000, 3310500, 0, 'system', '2021-11-25 14:11:11', 'system', '2021-11-25 14:11:11', '1'),
(276, 2021, 13, '6-1005', '61005-202', 'OPEX', 14, 27, 'Parkir', NULL, 3000, 0, 0, 0, 2, 6000, 0, 2, 6000, 0, 0, 0, 0, 0, 0, 0, 2, 6000, 0, 2, 6000, 0, 0, 0, 0, 0, 0, 0, 2, 6000, 0, 2, 6000, 0, 0, 0, 0, 12, 36000, 0, 0, 'system', '2021-11-25 14:11:11', 'system', '2021-11-25 14:11:11', '1'),
(277, 2021, 13, '6-1005', '61005-301', 'OPEX', 14, 14, 'E-Toll Mobil Operasional ', NULL, 4000, 0, 0, 0, 2, 8000, 0, 2, 8000, 0, 0, 0, 0, 0, 0, 0, 2, 8000, 0, 2, 8000, 0, 0, 0, 0, 0, 0, 0, 2, 8000, 0, 2, 8000, 0, 0, 0, 0, 12, 48000, 0, 0, 'system', '2021-11-25 14:11:11', 'system', '2021-11-25 14:11:11', '1'),
(278, 2021, 13, '6-1006', '61006-101', 'OPEX', 15, 30, 'OLI/ PELUMAS Alat berat', NULL, 0, 211, 9171643, 7272727, 186, 8054487, 27926635, 157, 7544597, 5181181, 106, 5774487, 14672727, 991, 17454705, 7272727, 1057, 18941203, 5581818, 1175, 23925078, 11453908, 146, 6914487, 16162000, 70, 3857831, 13732000, 106, 5774487, 8647000, 370, 16379381, 0, 492, 19913427, 0, 5067, 143705813, 117902723, 0, 'system', '2021-11-25 14:11:11', 'system', '2021-11-25 14:11:11', '1'),
(279, 2021, 13, '6-1007', '61007-101', 'OPEX', 16, 31, 'Sewa Forklift Toyota type FD 25', NULL, 12500000, 1, 12500000, 12500000, 1, 12500000, 12500000, 1, 12500000, 12500000, 1, 12500000, 12500000, 1, 12500000, 12500000, 1, 12500000, 12500000, 1, 12500000, 12500000, 1, 12500000, 12500000, 1, 12500000, 12500000, 1, 12500000, 12500000, 1, 12500000, 0, 1, 12500000, 0, 12, 150000000, 125000000, 0, 'system', '2021-11-25 14:11:11', 'system', '2021-11-25 14:11:11', '1'),
(280, 2021, 13, '6-1007', '61007-102', 'OPEX', 16, 31, 'Sewa Forklift Toyota type FD 25', NULL, 12500000, 1, 12500000, 12500000, 1, 12500000, 12500000, 1, 12500000, 12500000, 1, 12500000, 12500000, 1, 12500000, 12500000, 1, 12500000, 12500000, 1, 12500000, 12500000, 1, 12500000, 12500000, 1, 12500000, 12500000, 1, 12500000, 12500000, 1, 12500000, 0, 1, 12500000, 0, 12, 150000000, 125000000, 0, 'system', '2021-11-25 14:11:11', 'system', '2021-11-25 14:11:11', '1'),
(281, 2021, 13, '6-1007', '61007-103', 'OPEX', 16, 31, 'Sewa Forklift Toyota type FD 35', NULL, 14500000, 1, 14500000, 14500000, 1, 14500000, 14500000, 1, 14500000, 14500000, 1, 14500000, 14500000, 1, 14500000, 14500000, 1, 14500000, 14500000, 1, 14500000, 14500000, 1, 14500000, 14500000, 1, 14500000, 14500000, 1, 14500000, 14500000, 1, 14500000, 0, 1, 14500000, 0, 12, 174000000, 145000000, 0, 'system', '2021-11-25 14:11:11', 'system', '2021-11-25 14:11:11', '1'),
(282, 2021, 13, '6-1007', '61007-104', 'OPEX', 16, 31, 'Sewa Forklift 2 unit', NULL, 15721487, 2, 31442974, 31442974, 2, 31442974, 31442974, 2, 31442974, 31442974, 2, 31442974, 31442974, 2, 31442974, 31442974, 2, 31442974, 31442974, 2, 31442974, 31442974, 2, 31442974, 31442974, 2, 31442974, 31442974, 2, 31442974, 31442974, 2, 31442974, 0, 2, 31442974, 0, 24, 377315688, 314429740, 0, 'system', '2021-11-25 14:11:11', 'system', '2021-11-25 14:11:11', '1'),
(283, 2021, 13, '6-1008', '61008-101', 'OPEX', 43, 125, 'Reach Stacker BICT', NULL, 178500000, 0, 0, 0, 0, 0, 0, 0, 0, 0, 0, 0, 0, 0, 0, 0, 0, 0, 0, 0, 0, 0, 0, 0, 0, 0, 0, 0, 1, 0, 0, 0, 0, 0, 0, 0, 0, 1, 0, 0, 0, 'system', '2021-11-25 14:11:11', 'system', '2021-11-25 14:11:11', '1'),
(284, 2021, 13, '6-1010', '61010-103', 'OPEX', 48, 215, 'Alat Bantu Kerja Lapangan (Teknik)', NULL, 0, 71, 0, 322500, 72, 0, 1643000, 112, 0, 625000, 39, 0, 300500, 78, 0, 232500, 80, 0, 675000, 93, 0, 980200, 73, 0, 184000, 78, 0, 625400, 57, 0, 625000, 80, 0, 0, 86, 0, 0, 919, 0, 6213100, 0, 'system', '2021-11-25 14:11:11', 'system', '2021-11-25 14:11:11', '1');
INSERT INTO `anggaran` (`id_anggaran`, `tahun`, `id_divisi`, `no_coa`, `kd_anggaran`, `jenis_anggaran`, `id_golongan`, `id_subgolongan`, `nm_item`, `id_satuan`, `harga`, `januari_kuantitas`, `januari_nominal`, `januari_realisasi`, `februari_kuantitas`, `februari_nominal`, `februari_realisasi`, `maret_kuantitas`, `maret_nominal`, `maret_realisasi`, `april_kuantitas`, `april_nominal`, `april_realisasi`, `mei_kuantitas`, `mei_nominal`, `mei_realisasi`, `juni_kuantitas`, `juni_nominal`, `juni_realisasi`, `juli_kuantitas`, `juli_nominal`, `juli_realisasi`, `agustus_kuantitas`, `agustus_nominal`, `agustus_realisasi`, `september_kuantitas`, `september_nominal`, `september_realisasi`, `oktober_kuantitas`, `oktober_nominal`, `oktober_realisasi`, `november_kuantitas`, `november_nominal`, `november_realisasi`, `desember_kuantitas`, `desember_nominal`, `desember_realisasi`, `jumlah_kuantitas`, `jumlah_nominal`, `jumlah_realisasi`, `realisasi_kuantitas`, `created_by`, `created_on`, `last_modified_by`, `last_modified_on`, `row_version`) VALUES
(285, 2021, 13, '6-1010', '61010-105', 'OPEX', 48, 215, 'Alat Kerja Teknik', NULL, 0, 1, 7000000, 0, 2, 8000000, 0, 2, 165000, 0, 1, 60000, 0, 1, 350000, 0, 1, 300000, 0, 0, 0, 0, 1, 145000, 0, 0, 0, 0, 0, 0, 0, 0, 0, 0, 0, 0, 0, 9, 16020000, 0, 0, 'system', '2021-11-25 14:11:11', 'system', '2021-11-25 14:11:11', '1'),
(286, 2021, 13, '6-1010', '61010-110', 'OPEX', 48, 215, ' Perbaikan Truck', NULL, 0, 43, 7975407, 0, 38, 7975407, 0, 44, 7975407, 0, 30, 7975407, 0, 43, 7975407, 0, 23, 7975407, 0, 29, 7975407, 0, 24, 7975407, 1500000, 43, 7975407, 0, 34, 7975407, 0, 32, 7975407, 0, 20, 7975407, 0, 403, 95704881, 1500000, 0, 'system', '2021-11-25 14:11:11', 'system', '2021-11-25 14:11:11', '1'),
(287, 2021, 13, '6-1010', '61010-115', 'OPEX', 48, 215, 'Perawatan & Perbaikan Mobil Operasional ', NULL, 0, 23, 700582, 0, 8, 700582, 0, 11, 700582, 3651279, 10, 700582, 1500000, 12, 700582, 0, 9, 700582, 1169091, 14, 700582, 480000, 11, 700582, 2293823, 5, 700582, 20000, 7, 700582, 90000, 7, 700582, 0, 9, 700582, 0, 126, 8406978, 9204193, 0, 'system', '2021-11-25 14:11:11', 'system', '2021-11-25 14:11:11', '1'),
(288, 2021, 13, '6-1010', '61010-116', 'OPEX', 48, 215, 'Perawatan & Perbaikan Motor Operasional', NULL, 0, 24, 357283, 461318, 20, 357283, 95000, 23, 357283, 521982, 16, 357283, 1675000, 25, 357283, 0, 10, 357283, 385000, 23, 357283, 432271, 23, 357283, 443271, 23, 357283, 413273, 12, 357283, 503100, 24, 357283, 0, 14, 357283, 0, 237, 4287400, 4930215, 0, 'system', '2021-11-25 14:11:11', 'system', '2021-11-25 14:11:11', '1'),
(289, 2021, 13, '6-1010', '61010-118', 'OPEX', 48, 215, 'Perawatan  Genset', NULL, 0, 0, 209636, 0, 18, 209636, 2379000, 0, 209636, 0, 19, 209636, 0, 0, 209636, 0, 0, 209636, 0, 0, 209636, 0, 0, 209636, 0, 0, 209636, 0, 9, 209636, 0, 0, 209636, 0, 18, 209636, 0, 64, 2515627, 2379000, 0, 'system', '2021-11-25 14:11:11', 'system', '2021-11-25 14:11:11', '1'),
(290, 2021, 13, '6-1010', '61010-119', 'OPEX', 48, 215, 'Perawatan  Truck', NULL, 0, 0, 607938, 0, 0, 607938, 6320000, 10, 607938, 4290000, 0, 607938, 35000, 0, 607938, 7220000, 0, 607938, 2175000, 8, 607938, 10000, 0, 607938, 6780000, 0, 607938, 2251985, 0, 607938, 1615000, 10, 607938, 0, 0, 607938, 0, 28, 7295262, 30696985, 0, 'system', '2021-11-25 14:11:11', 'system', '2021-11-25 14:11:11', '1'),
(291, 2021, 13, '6-1010', '61010-120', 'OPEX', 48, 215, 'Perawatan & Perbaikan Sepeda Operasional', NULL, 0, 0, 0, 0, 0, 0, 0, 0, 0, 0, 0, 0, 0, 0, 0, 0, 0, 0, 0, 0, 0, 0, 0, 0, 0, 0, 0, 0, 0, 0, 0, 0, 0, 0, 0, 0, 0, 0, 0, 0, 0, 'system', '2021-11-25 14:11:11', 'system', '2021-11-25 14:11:11', '1'),
(292, 2021, 13, '6-1010', '61010-122', 'OPEX', 48, 215, 'Kelistrikan', NULL, 0, 0, 0, 0, 0, 0, 0, 0, 0, 0, 0, 0, 0, 0, 0, 0, 0, 0, 0, 0, 0, 75000, 0, 0, 0, 0, 0, 0, 0, 0, 0, 0, 0, 0, 0, 0, 0, 0, 0, 75000, 0, 'system', '2021-11-25 14:11:11', 'system', '2021-11-25 14:11:11', '1'),
(293, 2021, 13, '6-1010', '61010-128', 'OPEX', 48, 215, 'Perawatan Forklift', NULL, 0, 12, 240693, 0, 0, 240693, 0, 2, 240693, 4021000, 0, 240693, 5248000, 0, 240693, 0, 12, 240693, 0, 4, 240693, 4943000, 0, 240693, 0, 2, 240693, 130000, 0, 240693, 120000, 4, 240693, 0, 4, 240693, 0, 40, 2888312, 14462000, 0, 'system', '2021-11-25 14:11:11', 'system', '2021-11-25 14:11:11', '1'),
(294, 2021, 13, '6-1010', '61010-130', 'OPEX', 48, 215, 'Perawatan Kalmar', NULL, 0, 14, 6544043, 9379400, 16, 6544043, 21727800, 18, 6544043, 13526200, 14, 6544043, 15441400, 28, 6544043, 23712600, 21, 6544043, 19576000, 28, 6544043, 31475600, 16, 6544043, 19586000, 16, 6544043, 7813700, 16, 6544043, 24337420, 27, 6544043, 0, 27, 6544043, 0, 241, 78528514, 186576120, 0, 'system', '2021-11-25 14:11:11', 'system', '2021-11-25 14:11:11', '1'),
(295, 2021, 13, '6-1010', '61010-132', 'OPEX', 48, 215, 'Perbaikan Forklift', NULL, 0, 4, 131474, 0, 4, 131474, 0, 5, 131474, 0, 3, 131474, 0, 2, 131474, 0, 5, 131474, 0, 2, 131474, 0, 1, 131474, 1647273, 3, 131474, 0, 3, 131474, 0, 6, 131474, 0, 6, 131474, 0, 44, 1577688, 1647273, 0, 'system', '2021-11-25 14:11:11', 'system', '2021-11-25 14:11:11', '1'),
(296, 2021, 13, '6-1010', '61010-133', 'OPEX', 48, 215, 'Perbaikan Genset', NULL, 0, 1, 127448, 0, 1, 127448, 0, 2, 127448, 0, 2, 127448, 0, 13, 127448, 0, 1, 127448, 0, 2, 127448, 0, 1, 127448, 0, 1, 127448, 0, 3, 127448, 300000, 0, 127448, 0, 0, 127448, 0, 27, 1529373, 300000, 0, 'system', '2021-11-25 14:11:11', 'system', '2021-11-25 14:11:11', '1'),
(297, 2021, 13, '6-1010', '61010-134', 'OPEX', 48, 215, 'Perbaikan Genset Potable', NULL, 0, 0, 0, 0, 0, 0, 0, 3, 0, 0, 3, 0, 0, 1, 0, 0, 0, 0, 0, 3, 0, 0, 1, 0, 0, 0, 0, 0, 1, 0, 0, 1, 0, 0, 0, 0, 0, 13, 0, 0, 0, 'system', '2021-11-25 14:11:11', 'system', '2021-11-25 14:11:11', '1'),
(298, 2021, 13, '6-1010', '61010-135', 'OPEX', 48, 215, 'Perbaikan Kalmar', NULL, 0, 44, 21822377, 0, 55, 21822377, 0, 68, 21822377, 0, 67, 21822377, 117129624, 92, 21822377, 0, 34, 21822377, 0, 48, 21822377, 0, 37, 21822377, 0, 42, 21822377, 0, 60, 21822377, 0, 47, 21822377, 0, 69, 21822377, 0, 663, 261868526, 117129624, 0, 'system', '2021-11-25 14:11:11', 'system', '2021-11-25 14:11:11', '1'),
(299, 2021, 13, '6-2004', '62004-404', 'OPEX', 36, 51, 'Perlengkapan K3 ( helm , rompi, Sepatu Safety dll ) ', NULL, 0, 12, 493500, 0, 1, 70000, 0, 0, 0, 0, 19, 2208500, 0, 0, 0, 0, 26, 4973000, 0, 12, 493500, 0, 0, 0, 0, 1, 70000, 0, 12, 493500, 0, 0, 0, 0, 0, 0, 0, 83, 8802000, 0, 0, 'system', '2021-11-25 14:11:11', 'system', '2021-11-25 14:11:11', '1'),
(300, 2021, 13, '6-2004', '62004-611', 'OPEX', 36, 51, 'Pengiriman Dokumen', NULL, 0, 0, 0, 0, 0, 0, 0, 0, 0, 0, 0, 0, 0, 0, 0, 0, 0, 0, 0, 0, 0, 0, 0, 0, 25000, 0, 0, 0, 0, 0, 0, 0, 0, 0, 0, 0, 0, 0, 0, 25000, 0, 'system', '2021-11-25 14:11:11', 'system', '2021-11-25 14:11:11', '1'),
(301, 2021, 13, '6-2007', '62007-101', 'OPEX', 27, 63, 'Adm STNK Motor Operasional', NULL, 200000, 2, 400000, 0, 0, 0, 0, 0, 0, 0, 0, 0, 0, 0, 0, 0, 0, 0, 0, 0, 0, 0, 0, 0, 0, 2, 400000, 0, 0, 0, 0, 0, 0, 0, 0, 0, 0, 4, 800000, 0, 0, 'system', '2021-11-25 14:11:11', 'system', '2021-11-25 14:11:11', '1'),
(302, 2021, 13, '6-2007', '62007-102', 'OPEX', 27, 63, 'Pajak Motor Operasional', NULL, 0, 3, 1095750, 1524600, 2, 730500, 630500, 0, 0, 0, 1, 365250, 324000, 0, 0, 0, 0, 0, 0, 1, 365250, 315300, 0, 0, 0, 2, 952500, 1525000, 1, 476250, 476300, 0, 0, 0, 0, 0, 0, 10, 3985500, 4795700, 0, 'system', '2021-11-25 14:11:11', 'system', '2021-11-25 14:11:11', '1'),
(303, 2021, 13, '6-2007', '62007-103', 'OPEX', 27, 63, 'Adm STNK dan KIR Mobil Operasional', NULL, 0, 0, 0, 0, 1, 250000, 200000, 0, 0, 0, 0, 0, 0, 0, 0, 0, 0, 0, 0, 0, 0, 0, 1, 250000, 200000, 0, 0, 0, 0, 0, 0, 0, 0, 0, 0, 0, 0, 2, 500000, 400000, 0, 'system', '2021-11-25 14:11:11', 'system', '2021-11-25 14:11:11', '1'),
(304, 2021, 13, '6-2007', '62007-104', 'OPEX', 27, 63, 'Pajak Mobil Operasional', NULL, 0, 0, 0, 0, 0, 0, 0, 0, 0, 0, 1, 3071300, 3021300, 0, 0, 0, 0, 0, 0, 0, 0, 0, 1, 2227825, 2027900, 0, 0, 0, 0, 0, 0, 0, 0, 0, 0, 0, 0, 2, 5299125, 5049200, 0, 'system', '2021-11-25 14:11:11', 'system', '2021-11-25 14:11:11', '1'),
(305, 2021, 13, '6-2007', '62007-105', 'OPEX', 27, 63, 'Adm STNK dan KIR Truck ', NULL, 0, 0, 0, 0, 2, 1000000, 5747800, 0, 0, 0, 0, 0, 0, 2, 1200000, 0, 0, 0, 0, 0, 0, 0, 0, 0, 4000000, 0, 0, 0, 0, 0, 0, 2, 1200000, 0, 0, 0, 0, 6, 3400000, 9747800, 0, 'system', '2021-11-25 14:11:11', 'system', '2021-11-25 14:11:11', '1'),
(306, 2021, 13, '6-2007', '62007-106', 'OPEX', 27, 63, 'Pajak Head Truck', NULL, 0, 0, 0, 0, 2, 5067800, 0, 0, 0, 0, 0, 0, 0, 0, 0, 0, 0, 0, 0, 0, 0, 0, 0, 0, 0, 0, 0, 0, 0, 0, 0, 0, 0, 0, 0, 0, 0, 2, 5067800, 0, 0, 'system', '2021-11-25 14:11:11', 'system', '2021-11-25 14:11:11', '1'),
(307, 2021, 13, '6-2007', '62007-107', 'OPEX', 27, 63, 'Sertifikasi Reachstacker', NULL, 0, 0, 0, 0, 0, 0, 0, 0, 0, 0, 0, 0, 0, 0, 0, 0, 0, 0, 0, 0, 0, 0, 0, 0, 0, 0, 0, 0, 0, 0, 0, 3, 0, 0, 0, 0, 0, 3, 0, 0, 0, 'system', '2021-11-25 14:11:11', 'system', '2021-11-25 14:11:11', '1'),
(308, 2021, 13, '6-2007', '62007-108', 'OPEX', 27, 63, 'Sertifikasi Genset', NULL, 0, 0, 0, 0, 0, 0, 0, 0, 0, 0, 0, 0, 0, 0, 0, 0, 0, 0, 0, 0, 0, 0, 0, 0, 0, 0, 0, 0, 0, 0, 0, 3, 0, 0, 0, 0, 0, 3, 0, 0, 0, 'system', '2021-11-25 14:11:11', 'system', '2021-11-25 14:11:11', '1'),
(309, 2021, 13, '6-2007', '62007-109', 'OPEX', 27, 63, 'Sertifikasi Forklift', NULL, 0, 0, 0, 0, 0, 0, 0, 0, 0, 0, 0, 0, 0, 0, 0, 0, 0, 0, 0, 0, 0, 0, 0, 0, 0, 0, 0, 0, 0, 0, 0, 2, 1035395, 0, 0, 0, 0, 2, 1035395, 0, 0, 'system', '2021-11-25 14:11:11', 'system', '2021-11-25 14:11:11', '1'),
(310, 2021, 13, '6-2007', '62007-110', 'OPEX', 27, 63, 'Uji Berkala Alat Angkut (Reachstacker & Forklift)', NULL, 0, 0, 0, 0, 0, 0, 0, 0, 0, 0, 5, 30000000, 0, 0, 0, 0, 0, 0, 0, 0, 0, 0, 0, 0, 0, 0, 0, 0, 0, 0, 0, 0, 0, 0, 0, 0, 0, 5, 30000000, 0, 0, 'system', '2021-11-25 14:11:11', 'system', '2021-11-25 14:11:11', '1'),
(311, 2021, 13, '6-2007', '62007-111', 'OPEX', 27, 63, 'Perpanjangan SIO', NULL, 2000000, 0, 0, 900000, 1, 0, 0, 0, 0, 0, 0, 0, 0, 3, 0, 0, 1, 0, 0, 0, 0, 0, 0, 0, 0, 0, 0, 0, 0, 0, 3000000, 0, 0, 0, 0, 0, 0, 5, 0, 3900000, 0, 'system', '2021-11-25 14:11:11', 'system', '2021-11-25 14:11:11', '1'),
(312, 2021, 13, '6-2009', '62009-102', 'OPEX', 29, 67, 'FlashDisk', NULL, 110000, 0, 0, 0, 0, 0, 0, 1, 110000, 0, 0, 0, 0, 0, 0, 0, 0, 0, 0, 0, 0, 0, 1, 110000, 0, 0, 0, 0, 0, 0, 0, 0, 0, 0, 0, 0, 0, 2, 220000, 0, 0, 'system', '2021-11-25 14:11:11', 'system', '2021-11-25 14:11:11', '1'),
(313, 2021, 13, '6-2009', '62009-201', 'OPEX', 29, 67, 'Tinta Printer Epson 003', NULL, 67000, 2, 134000, 0, 0, 0, 0, 0, 0, 0, 0, 0, 0, 0, 0, 0, 4, 268000, 0, 0, 0, 0, 0, 0, 0, 0, 0, 0, 0, 0, 0, 0, 0, 0, 4, 268000, 0, 10, 670000, 0, 0, 'system', '2021-11-25 14:11:11', 'system', '2021-11-25 14:11:11', '1'),
(314, 2021, 13, '6-2026', '62026-108', 'OPEX', 20, 40, 'Upah lembur operator forklif', NULL, 0, 0, 312667, 675500, 0, 312667, 371000, 0, 312667, 462000, 0, 312667, 206500, 0, 312667, 119000, 0, 312667, 462000, 0, 312667, 325500, 0, 312667, 262500, 0, 312667, 227500, 0, 312667, 318500, 0, 312667, 0, 0, 312667, 0, 0, 3752000, 3430000, 0, 'system', '2021-11-25 14:11:11', 'system', '2021-11-25 14:11:11', '1');

-- --------------------------------------------------------

--
-- Table structure for table `bank`
--

CREATE TABLE `bank` (
  `id_bank` int NOT NULL,
  `nm_bank` varchar(50) DEFAULT NULL
) ENGINE=InnoDB DEFAULT CHARSET=latin1;

--
-- Dumping data for table `bank`
--

INSERT INTO `bank` (`id_bank`, `nm_bank`) VALUES
(1, 'Mandiri'),
(2, 'BCA'),
(3, 'BNI Syariah'),
(4, 'BRI'),
(5, 'CIMB Niaga'),
(6, 'BNI'),
(7, 'MUFG');

-- --------------------------------------------------------

--
-- Table structure for table `biaya_ops`
--

CREATE TABLE `biaya_ops` (
  `kd_transaksi` varchar(15) NOT NULL,
  `id_jenispengajuan` varchar(15) DEFAULT NULL,
  `id_divisi` varchar(15) NOT NULL,
  `tgl_pengajuan` date DEFAULT NULL,
  `total` bigint NOT NULL DEFAULT '0',
  `id_manager` varchar(15) DEFAULT NULL,
  `komentar` varchar(200) DEFAULT NULL,
  `penerima_dana` varchar(50) DEFAULT NULL,
  `nominal_pengembalian` int NOT NULL DEFAULT '0',
  `created_by` varchar(50) DEFAULT NULL,
  `created_on` datetime DEFAULT NULL,
  `last_modified_by` varchar(50) DEFAULT NULL,
  `last_modified_on` datetime DEFAULT NULL,
  `app_mgr` datetime DEFAULT NULL,
  `app_purchasing` datetime DEFAULT NULL,
  `status_biayaops` varchar(15) NOT NULL DEFAULT '1'
) ENGINE=InnoDB DEFAULT CHARSET=latin1;

-- --------------------------------------------------------

--
-- Table structure for table `bkk`
--

CREATE TABLE `bkk` (
  `id_bkk` int NOT NULL,
  `kd_transaksi` varchar(15) DEFAULT NULL,
  `nm_vendor` varchar(50) DEFAULT NULL,
  `tgl_pengajuan` date DEFAULT NULL,
  `tgl_pengajuankasir` date DEFAULT NULL,
  `tgl_verifikasimanager` date DEFAULT NULL,
  `app_pajak` datetime DEFAULT NULL,
  `app_cc` datetime DEFAULT NULL,
  `app_managerga` datetime DEFAULT NULL,
  `tgl_verifikasimanagerkeuangan` date DEFAULT NULL,
  `tgl_verifikasidireksi` date DEFAULT NULL,
  `tgl_verifikasidireksi2` date DEFAULT NULL,
  `tgl_bkk` date DEFAULT NULL,
  `terbilang_bkk` varchar(100) DEFAULT NULL,
  `nocek_bkk` varchar(20) DEFAULT NULL,
  `id_anggaran` varchar(15) DEFAULT NULL,
  `keterangan` varchar(200) DEFAULT NULL,
  `jenis` varchar(15) NOT NULL DEFAULT 'umum',
  `metode_pembayaran` varchar(15) NOT NULL DEFAULT 'tunai',
  `tgl_tempo` date DEFAULT NULL,
  `tgl_payment` date DEFAULT NULL,
  `nilai_barang` int NOT NULL DEFAULT '0',
  `nilai_jasa` int NOT NULL DEFAULT '0',
  `ppn_persen` int NOT NULL DEFAULT '0',
  `ppn_nilai` int NOT NULL DEFAULT '0',
  `biaya_lain` int NOT NULL DEFAULT '0',
  `id_pph` varchar(15) DEFAULT NULL,
  `pph_persen` int NOT NULL DEFAULT '0',
  `pph_nilai` int NOT NULL DEFAULT '0',
  `nilai_bkk` int DEFAULT NULL,
  `ppn_bkk` int NOT NULL DEFAULT '0',
  `bll_bkk` int DEFAULT NULL,
  `potongan` int NOT NULL DEFAULT '0',
  `jml_bkk` decimal(10,0) DEFAULT NULL,
  `bank_tujuan` varchar(20) DEFAULT NULL,
  `norek_tujuan` varchar(20) DEFAULT NULL,
  `penerima_tujuan` varchar(50) DEFAULT NULL,
  `invoice` varchar(100) DEFAULT NULL,
  `id_divisi` varchar(15) DEFAULT NULL,
  `id_pemohon` varchar(15) DEFAULT NULL,
  `id_manager` varchar(15) DEFAULT NULL,
  `id_gm` varchar(15) DEFAULT NULL,
  `id_direktur` varchar(15) DEFAULT NULL,
  `id_direktur2` varchar(15) DEFAULT NULL,
  `dari_bank` varchar(15) DEFAULT NULL,
  `dari_rekening` varchar(15) DEFAULT NULL,
  `doc_lpj` varchar(100) NOT NULL DEFAULT '0',
  `komentar` text,
  `komentar_mgrfin` text,
  `komentar_direktur` text,
  `status_bkk` varchar(10) NOT NULL DEFAULT '0'
) ENGINE=InnoDB DEFAULT CHARSET=latin1;

-- --------------------------------------------------------

--
-- Table structure for table `bkk_final`
--

CREATE TABLE `bkk_final` (
  `id` int NOT NULL,
  `id_jenispengajuan` varchar(15) DEFAULT NULL,
  `pengajuan` varchar(15) DEFAULT NULL,
  `id_kdtransaksi` varchar(15) DEFAULT NULL,
  `id_tagihan` int DEFAULT NULL,
  `nomor` varchar(15) DEFAULT NULL,
  `tgl_bkk` date DEFAULT NULL,
  `no_bkk` varchar(50) DEFAULT NULL,
  `no_cekbkk` varchar(20) DEFAULT NULL,
  `id_supplier` varchar(15) DEFAULT NULL,
  `id_anggaran` varchar(15) DEFAULT NULL,
  `nilai_barang` int NOT NULL DEFAULT '0',
  `nilai_jasa` int NOT NULL DEFAULT '0',
  `nilai_ppn` int NOT NULL DEFAULT '0',
  `id_pph` varchar(15) DEFAULT NULL,
  `nilai_pph` int NOT NULL DEFAULT '0',
  `pengembalian` int NOT NULL DEFAULT '0',
  `nominal` bigint NOT NULL DEFAULT '0',
  `dari_bank` varchar(15) DEFAULT NULL,
  `dari_rekening` varchar(20) DEFAULT NULL,
  `keterangan` text,
  `remarks` varchar(250) DEFAULT NULL,
  `bukti_pembayaran` varchar(255) DEFAULT NULL,
  `created_on_bkk` datetime DEFAULT NULL,
  `v_mgr_finance` datetime DEFAULT NULL,
  `v_direktur` datetime DEFAULT NULL,
  `release_on_bkk` datetime DEFAULT NULL,
  `id_direktur` varchar(15) DEFAULT NULL,
  `doc_pendukung` varchar(250) DEFAULT NULL,
  `status_bkk` varchar(15) DEFAULT NULL
) ENGINE=InnoDB DEFAULT CHARSET=latin1;

-- --------------------------------------------------------

--
-- Table structure for table `coa`
--

CREATE TABLE `coa` (
  `id_coa` int NOT NULL,
  `no_coa` char(20) DEFAULT NULL,
  `nama_coa` varchar(100) DEFAULT NULL
) ENGINE=InnoDB DEFAULT CHARSET=latin1;

-- --------------------------------------------------------

--
-- Table structure for table `detail_biayaops`
--

CREATE TABLE `detail_biayaops` (
  `id` int NOT NULL,
  `kd_transaksi` varchar(15) DEFAULT NULL,
  `id_divisi` varchar(15) DEFAULT NULL,
  `nm_barang` varchar(50) DEFAULT NULL,
  `id_anggaran` varchar(15) DEFAULT NULL,
  `merk` varchar(50) DEFAULT NULL,
  `type` varchar(20) DEFAULT NULL,
  `spesifikasi` varchar(100) DEFAULT NULL,
  `satuan` varchar(15) DEFAULT NULL,
  `jumlah` int DEFAULT NULL,
  `id_supplier` varchar(15) NOT NULL DEFAULT '0',
  `keterangan` varchar(250) DEFAULT NULL,
  `foto_item` varchar(100) DEFAULT '0',
  `doc_penawaran` varchar(100) DEFAULT NULL,
  `harga_estimasi` decimal(12,2) NOT NULL DEFAULT '0.00',
  `alasan_penolakan` varchar(200) DEFAULT NULL,
  `is_for` varchar(15) NOT NULL DEFAULT 'mr',
  `status` varchar(3) NOT NULL DEFAULT '0'
) ENGINE=InnoDB DEFAULT CHARSET=latin1;

-- --------------------------------------------------------

--
-- Table structure for table `detail_sr`
--

CREATE TABLE `detail_sr` (
  `id_dsr` bigint NOT NULL,
  `sr_id` bigint DEFAULT NULL,
  `deskripsi` varchar(255) DEFAULT NULL,
  `merk` varchar(255) DEFAULT NULL,
  `type` varchar(255) DEFAULT NULL,
  `spesifikasi` varchar(255) DEFAULT NULL,
  `qty` int DEFAULT NULL,
  `satuan` varchar(255) DEFAULT NULL,
  `sub_total` int NOT NULL DEFAULT '0',
  `total` int NOT NULL DEFAULT '0',
  `keterangan` text,
  `created_at` datetime DEFAULT NULL,
  `updated_at` datetime DEFAULT NULL,
  `created_by` varchar(100) DEFAULT NULL,
  `updated_by` varchar(100) DEFAULT NULL,
  `status` varchar(15) DEFAULT NULL
) ENGINE=InnoDB DEFAULT CHARSET=latin1;

-- --------------------------------------------------------

--
-- Table structure for table `divisi`
--

CREATE TABLE `divisi` (
  `id_divisi` int NOT NULL,
  `nm_divisi` varchar(50) NOT NULL
) ENGINE=InnoDB DEFAULT CHARSET=latin1;

--
-- Dumping data for table `divisi`
--

INSERT INTO `divisi` (`id_divisi`, `nm_divisi`) VALUES
(1, 'Accounting'),
(2, 'Admin Manager'),
(3, 'Blling'),
(4, 'Building'),
(5, 'Customer Service'),
(6, 'HRD'),
(7, 'HSE'),
(8, 'IT'),
(9, 'Kasir'),
(10, 'Operasional'),
(11, 'Purchasing'),
(12, 'Security'),
(13, 'Teknik'),
(14, 'General Affair'),
(15, 'Finance');

-- --------------------------------------------------------

--
-- Table structure for table `golongan`
--

CREATE TABLE `golongan` (
  `id_golongan` int NOT NULL,
  `nm_golongan` varchar(200) NOT NULL
) ENGINE=InnoDB DEFAULT CHARSET=latin1;

--
-- Dumping data for table `golongan`
--

INSERT INTO `golongan` (`id_golongan`, `nm_golongan`) VALUES
(10, 'BIAYA OPERASIONAL'),
(11, 'MATRAI'),
(12, 'TKBM'),
(13, 'BIAYA SOLAR'),
(14, 'TRANSPORTASI DAN BBM'),
(15, 'OLI / PELUMAS '),
(16, 'SEWA ALAT DAN ALAT BERAT'),
(17, 'PERAWATAN YARD'),
(18, 'KEAMANAN'),
(19, 'KARYAWAN'),
(20, 'PENDIDIKAN DAN TUNJANGAN LAIN-LAIN'),
(21, 'BPJS'),
(22, 'ASURANSI'),
(23, 'MMP Kalibaru ( Biaya Perawatan )'),
(24, 'RUMAH TANGGA KANTOR'),
(25, 'TELP, FAX DAN INTERNET'),
(26, 'UTILITAS'),
(27, 'ADMINISTRASI'),
(28, 'PENGARSIPAN'),
(30, 'BIAYA IKLAN DAN PROMOSI'),
(31, 'BEBAN CLAIM'),
(32, 'KONSULTAN DAN TENAGA AHLI'),
(33, 'PAJAK'),
(34, 'PERJALANAN DINAS'),
(35, 'NON RAB'),
(36, 'PERAWATAN'),
(37, 'MARKETING'),
(38, 'ATK, CETAKAN dan FOTOKOPI'),
(39, 'RTGC'),
(40, 'MMP IT'),
(41, 'UMUM'),
(43, 'BIAYA SEWA'),
(44, 'Biaya Lain-Lain'),
(45, 'Perawatan Yard'),
(46, 'PERALATAN'),
(47, 'MMP JICT'),
(48, 'MMP KOJA'),
(49, 'Biaya Akomodasi'),
(50, 'PERALATAN'),
(51, 'Biaya Operasional Bahandle'),
(52, 'GAJI KARYAWAN'),
(53, 'KEAMANAN JICT'),
(54, 'KEAMANAN KOJA'),
(55, 'TENAGA AHLI'),
(56, 'BANGUNAN'),
(57, 'KENDARAAN'),
(58, 'Beban Nota COGS JICT'),
(59, 'Beban Administrasi COGS JICT'),
(60, 'Beban Nota COGS Koja'),
(61, 'Retur-Pengembalian JICT'),
(62, 'Beban Pas Trucking  JICT'),
(63, 'Beban Pas Trucking  KOJA'),
(64, 'Sharing Penumpukan JICT'),
(65, 'Sharing Penumpukan KOJA'),
(66, 'Beban Cost Recovery JICT'),
(67, 'Beban Cost Recovery KOJA'),
(68, 'Beban Monitoring'),
(69, 'Biaya Materai JICT'),
(70, 'Biaya Pelindo'),
(71, 'Penyusutan Cont. Yard JICT'),
(72, 'Penyusutan Cont. Yard KOJA'),
(73, 'Penyusutan Peralatan JICT'),
(74, 'Penyusutan Peralatan KOJA'),
(75, 'Penyusutan Bangunan JICT'),
(76, 'Penyusutan Kendaraan JICT'),
(77, 'Penyusutan Kendaraan KOJA'),
(78, 'Piutang Afiliasi PT. EIP'),
(79, 'Piutang Afiliasi Ekanuri'),
(80, 'Piutang Afiliasi Eka Jaya'),
(81, 'Piutang Afiliasi KJ3'),
(82, 'Piutang Ekatama Trans'),
(83, 'Piutang KCI'),
(84, 'Piutang Graha Cab. Medan'),
(85, 'Piutang Kalibaru NPT'),
(86, 'Piutang Afiliasi PT PIM'),
(87, 'Piutang Afiliasi PEIP Perkasa'),
(88, 'Piutang afiliasi PIP'),
(89, 'Piutang Eka Nuri Anugrah'),
(90, 'Piutang Wira'),
(91, 'Uang Muka PPh Pasal 23'),
(92, 'Perlengkapan (Solar)'),
(93, 'Deposito JICT BHD'),
(94, 'Deposito JICT Storage'),
(95, 'Deposito Operasional Koja'),
(96, 'Deposito MTI'),
(97, 'Biaya Adm dan Bank (Mandiri)'),
(98, 'Biaya Adm dan Bank (BNI)'),
(99, 'Biaya Adm dan Bank (BCA)'),
(100, 'Biaya Adm dan Bank (BRI)'),
(101, 'Bunga Leasing'),
(102, 'Biaya Bunga BCA'),
(103, 'Biaya  Adm Lain-Lain'),
(104, 'Kas Kecil'),
(105, 'Hutang Koperasi');

-- --------------------------------------------------------

--
-- Table structure for table `jenis_pengajuan`
--

CREATE TABLE `jenis_pengajuan` (
  `id_jenispengajuan` int NOT NULL,
  `kd_pengajuan` varchar(15) DEFAULT NULL,
  `nm_pengajuan` varchar(50) NOT NULL
) ENGINE=InnoDB DEFAULT CHARSET=latin1;

--
-- Dumping data for table `jenis_pengajuan`
--

INSERT INTO `jenis_pengajuan` (`id_jenispengajuan`, `kd_pengajuan`, `nm_pengajuan`) VALUES
(1, 'MR', 'Material Request'),
(2, 'SO', 'Service Order');

-- --------------------------------------------------------

--
-- Table structure for table `kasbon`
--

CREATE TABLE `kasbon` (
  `id_kasbon` varchar(15) NOT NULL,
  `id_dbo` int DEFAULT NULL,
  `sr_id` bigint DEFAULT NULL,
  `divisi_id` varchar(15) DEFAULT NULL,
  `kd_transaksi` varchar(15) DEFAULT NULL,
  `nilai_barang` decimal(12,2) NOT NULL DEFAULT '0.00',
  `nilai_jasa` decimal(12,2) NOT NULL DEFAULT '0.00',
  `nilai_ppn` decimal(12,2) NOT NULL DEFAULT '0.00',
  `id_pph` varchar(15) DEFAULT NULL,
  `nilai_pph` decimal(12,2) NOT NULL DEFAULT '0.00',
  `nilai_pengajuan` decimal(12,2) NOT NULL DEFAULT '0.00',
  `pengembalian` decimal(12,2) NOT NULL DEFAULT '0.00',
  `penambahan` decimal(12,2) NOT NULL DEFAULT '0.00',
  `biaya_lain` int NOT NULL DEFAULT '0',
  `potongan` int NOT NULL DEFAULT '0',
  `harga_akhir` decimal(12,2) NOT NULL DEFAULT '0.00',
  `tgl_kasbon` datetime DEFAULT NULL,
  `user_id` int DEFAULT NULL,
  `id_manager` varchar(15) DEFAULT NULL,
  `app_supervisor` datetime DEFAULT NULL,
  `app_manager` datetime DEFAULT NULL,
  `app_costcontrol` datetime DEFAULT NULL,
  `app_pajak` datetime DEFAULT NULL,
  `app_mgr_ga` datetime DEFAULT NULL,
  `app_mgr_finance` datetime DEFAULT NULL,
  `app_direktur` datetime DEFAULT NULL,
  `app_direktur2` datetime DEFAULT NULL,
  `waktu_penerima_dana` datetime DEFAULT NULL,
  `penerima_dana` varchar(30) DEFAULT NULL,
  `waktu_lpj` datetime DEFAULT NULL,
  `doc_pendukung` varchar(250) DEFAULT NULL,
  `doc_lpj` varchar(100) DEFAULT NULL,
  `id_direktur` varchar(15) DEFAULT NULL,
  `id_direktur2` varchar(15) DEFAULT NULL,
  `from_user` tinyint(1) NOT NULL DEFAULT '0',
  `vrf_pajak` varchar(10) NOT NULL DEFAULT 'bp',
  `komentar` text,
  `komentar_mgr_fin` text,
  `komentar_mgr_ga` text,
  `komentar_pajak` text,
  `komentar_mgr_finjkt` text,
  `komentar_direktur` text,
  `status_kasbon` varchar(15) DEFAULT '1'
) ENGINE=InnoDB DEFAULT CHARSET=latin1;

-- --------------------------------------------------------

--
-- Table structure for table `log_system`
--

CREATE TABLE `log_system` (
  `id_log` int NOT NULL,
  `waktu` datetime DEFAULT NULL,
  `nama_user` varchar(50) DEFAULT NULL,
  `keterangan` text
) ENGINE=InnoDB DEFAULT CHARSET=latin1;

-- --------------------------------------------------------

--
-- Table structure for table `po`
--

CREATE TABLE `po` (
  `id_po` int NOT NULL,
  `id_dbo` varchar(15) DEFAULT NULL,
  `kd_transaksi` varchar(15) DEFAULT NULL,
  `nomor_po` varchar(15) DEFAULT NULL,
  `tgl_po` datetime DEFAULT NULL,
  `po_number` varchar(50) DEFAULT NULL,
  `nilai_barang` decimal(12,2) NOT NULL DEFAULT '0.00',
  `nilai_jasa` decimal(12,2) NOT NULL DEFAULT '0.00',
  `nilai_ppn` decimal(12,2) NOT NULL DEFAULT '0.00',
  `id_pph` varchar(15) DEFAULT NULL,
  `nilai_pph` decimal(12,2) NOT NULL DEFAULT '0.00',
  `pengembalian_po` decimal(12,2) NOT NULL DEFAULT '0.00',
  `sub_totalpo` decimal(12,2) NOT NULL DEFAULT '0.00',
  `diskon_po` decimal(12,2) NOT NULL DEFAULT '0.00',
  `total_po` decimal(12,2) NOT NULL DEFAULT '0.00',
  `biaya_lain` decimal(12,2) NOT NULL DEFAULT '0.00',
  `nilai_pembulatan` decimal(6,2) NOT NULL DEFAULT '0.00',
  `grand_totalpo` decimal(12,2) NOT NULL DEFAULT '0.00',
  `app_pajak` datetime DEFAULT NULL,
  `app_cc` datetime DEFAULT NULL,
  `app_mgr_ga` datetime DEFAULT NULL,
  `app_mgr_finance` datetime DEFAULT NULL,
  `app_direksi` datetime DEFAULT NULL,
  `app_direksi2` datetime DEFAULT NULL,
  `app_kasir` datetime DEFAULT NULL,
  `doc_quotation` varchar(200) DEFAULT NULL,
  `note_po` text,
  `regulasi_tempo1` varchar(15) DEFAULT NULL,
  `tgl_tempo1` datetime DEFAULT NULL,
  `persentase_pembayaran1` int NOT NULL DEFAULT '0',
  `nominal_pembayaran1` bigint NOT NULL DEFAULT '0',
  `regulasi_tempo2` varchar(15) DEFAULT NULL,
  `tgl_tempo2` datetime DEFAULT NULL,
  `persentase_pembayaran2` int NOT NULL DEFAULT '0',
  `nominal_pembayaran2` bigint NOT NULL DEFAULT '0',
  `persentase` int NOT NULL DEFAULT '0',
  `id_direktur` varchar(15) DEFAULT NULL,
  `id_direktur2` varchar(15) DEFAULT NULL,
  `status_po` varchar(15) NOT NULL DEFAULT '1'
) ENGINE=InnoDB DEFAULT CHARSET=latin1;

-- --------------------------------------------------------

--
-- Table structure for table `pph`
--

CREATE TABLE `pph` (
  `id_pph` int NOT NULL,
  `nm_pph` varchar(50) NOT NULL,
  `jenis` varchar(30) NOT NULL DEFAULT 'fixed',
  `persen` decimal(10,0) DEFAULT NULL
) ENGINE=InnoDB DEFAULT CHARSET=latin1;

--
-- Dumping data for table `pph`
--

INSERT INTO `pph` (`id_pph`, `nm_pph`, `jenis`, `persen`) VALUES
(1, 'PPh 21', 'progresive', NULL),
(2, 'PPh 23', 'fixed', NULL),
(3, 'PPh 4(2)', 'fixed', NULL);

-- --------------------------------------------------------

--
-- Table structure for table `provinsi`
--

CREATE TABLE `provinsi` (
  `kode_provinsi` char(2) NOT NULL
) ENGINE=InnoDB DEFAULT CHARSET=latin1;

-- --------------------------------------------------------

--
-- Table structure for table `queue_email`
--

CREATE TABLE `queue_email` (
  `id_queue` int NOT NULL,
  `name_email` varchar(40) CHARACTER SET utf8mb4 COLLATE utf8mb4_unicode_520_ci DEFAULT NULL,
  `address_email` varchar(50) CHARACTER SET utf8mb4 COLLATE utf8mb4_unicode_520_ci DEFAULT NULL,
  `subject_email` varchar(200) CHARACTER SET utf8mb4 COLLATE utf8mb4_unicode_520_ci DEFAULT NULL,
  `body` text CHARACTER SET utf8mb4 COLLATE utf8mb4_unicode_520_ci,
  `created_at` datetime DEFAULT NULL,
  `updated_at` datetime DEFAULT NULL
) ENGINE=InnoDB DEFAULT CHARSET=utf8mb4 COLLATE=utf8mb4_unicode_520_ci;

-- --------------------------------------------------------

--
-- Table structure for table `queue_email_tempo`
--

CREATE TABLE `queue_email_tempo` (
  `id_queue` int NOT NULL,
  `name_email` varchar(40) DEFAULT NULL,
  `address_email` varchar(50) DEFAULT NULL,
  `subject_email` varchar(200) DEFAULT NULL,
  `body` text,
  `tanggal_tempo` date DEFAULT NULL,
  `created_at` datetime DEFAULT NULL,
  `updated_at` datetime DEFAULT NULL
) ENGINE=InnoDB DEFAULT CHARSET=latin1;

-- --------------------------------------------------------

--
-- Table structure for table `reapprove_bkk`
--

CREATE TABLE `reapprove_bkk` (
  `id` int NOT NULL,
  `id_bkk` int DEFAULT NULL,
  `alasan_reapprove_mgr` text,
  `waktu_reapprove_mgr` datetime DEFAULT NULL,
  `alasan_reapprove_mgrfin` text,
  `waktu_reapprove_mgrfin` datetime DEFAULT NULL
) ENGINE=InnoDB DEFAULT CHARSET=latin1;

-- --------------------------------------------------------

--
-- Table structure for table `reapprove_bkk_final`
--

CREATE TABLE `reapprove_bkk_final` (
  `id` int NOT NULL,
  `id_bkk_final` int DEFAULT NULL,
  `alasan_reapprove_pajak` text,
  `waktu_reapprove_pajak` datetime DEFAULT NULL,
  `alasan_reapprove_kasir` text,
  `waktu_reapprove_kasir` datetime DEFAULT NULL,
  `alasan_reapprove_mgrfin` text,
  `waktu_reapprove_mgrfin` datetime DEFAULT NULL
) ENGINE=InnoDB DEFAULT CHARSET=latin1;

-- --------------------------------------------------------

--
-- Table structure for table `reapprove_kasbon`
--

CREATE TABLE `reapprove_kasbon` (
  `id` int NOT NULL,
  `kasbon_id` varchar(15) DEFAULT NULL,
  `alasan_reapprove_mgrfin` text,
  `waktu_reapprove_mgrfin` datetime DEFAULT NULL,
  `alasan_reapprove_mgrga` text,
  `waktu_reapprove_mgrga` datetime DEFAULT NULL,
  `alasan_reapprove_pajak` text,
  `waktu_reapprove_pajak` datetime DEFAULT NULL,
  `alasan_reapprove_purchasing` text,
  `waktu_reapprove_purchasing` datetime DEFAULT NULL,
  `alasan_reapprove_mgr` text,
  `waktu_reapprove_mgr` datetime DEFAULT NULL
) ENGINE=InnoDB DEFAULT CHARSET=latin1;

-- --------------------------------------------------------

--
-- Table structure for table `reapprove_po`
--

CREATE TABLE `reapprove_po` (
  `id` int NOT NULL,
  `po_id` varchar(15) DEFAULT NULL,
  `alasan_reapprove_mgrfin` text,
  `waktu_reapprove_mgrfin` datetime DEFAULT NULL,
  `alasan_reapprove_mgrga` text,
  `waktu_reapprove_mgrga` datetime DEFAULT NULL,
  `alasan_reapprove_pajak` text,
  `waktu_reapprove_pajak` datetime DEFAULT NULL,
  `alasan_reapprove_purchasing` text,
  `waktu_reapprove_purchasing` datetime DEFAULT NULL
) ENGINE=InnoDB DEFAULT CHARSET=latin1;

-- --------------------------------------------------------

--
-- Table structure for table `rekening`
--

CREATE TABLE `rekening` (
  `id_rekening` int NOT NULL,
  `id_bank` varchar(15) DEFAULT NULL,
  `no_rekening` varchar(50) DEFAULT NULL
) ENGINE=InnoDB DEFAULT CHARSET=latin1;

--
-- Dumping data for table `rekening`
--

INSERT INTO `rekening` (`id_rekening`, `id_bank`, `no_rekening`) VALUES
(1, '1', '120.007.899.8080'),
(2, '1', '120.000.489.3421'),
(3, '1', '120.000.477.6691'),
(4, '2', '003.309.665'),
(5, '2', '003.399.9965');

-- --------------------------------------------------------

--
-- Table structure for table `satuan`
--

CREATE TABLE `satuan` (
  `nm_satuan` varchar(100) NOT NULL
) ENGINE=InnoDB DEFAULT CHARSET=latin1;

-- --------------------------------------------------------

--
-- Table structure for table `so`
--

CREATE TABLE `so` (
  `id_so` bigint NOT NULL,
  `sr_id` bigint DEFAULT NULL,
  `id_user` int DEFAULT NULL,
  `id_divisi` int DEFAULT NULL,
  `id_manager` int DEFAULT NULL,
  `id_anggaran` int DEFAULT NULL,
  `id_supplier` int DEFAULT NULL,
  `nm_barang` varchar(200) DEFAULT NULL,
  `nominal` bigint DEFAULT NULL,
  `diskon` bigint DEFAULT NULL,
  `total` bigint DEFAULT NULL,
  `nilai_barang` int DEFAULT NULL,
  `nilai_jasa` int DEFAULT NULL,
  `nilai_ppn` bigint DEFAULT NULL,
  `id_pph` varchar(15) DEFAULT NULL,
  `nilai_pph` int NOT NULL,
  `nilai_pengajuan` int NOT NULL,
  `pengembalian` int NOT NULL,
  `penambahan` int NOT NULL,
  `harga_akhir` bigint NOT NULL,
  `grand_total` bigint DEFAULT NULL,
  `note` text,
  `keterangan` text,
  `komentar` text,
  `doc_ba` text,
  `doc_penawaran` text,
  `doc_quotation` text,
  `doc_pembayaran` text,
  `alasan_penolakan` text,
  `tgl_tempo` date DEFAULT NULL,
  `created_at` datetime DEFAULT NULL,
  `updated_at` datetime DEFAULT NULL,
  `created_by` varchar(50) DEFAULT NULL,
  `updated_by` varchar(50) DEFAULT NULL,
  `app_mgr` datetime DEFAULT NULL,
  `app_purchasing` datetime DEFAULT NULL,
  `app_mgr_ga` datetime DEFAULT NULL,
  `app_pajak` datetime DEFAULT NULL,
  `app_mgr_fin` datetime DEFAULT NULL,
  `app_direktur1` datetime DEFAULT NULL,
  `app_direktur2` datetime DEFAULT NULL,
  `direktur1` int DEFAULT NULL,
  `direktur2` int DEFAULT NULL,
  `status` varchar(10) DEFAULT NULL
) ENGINE=InnoDB DEFAULT CHARSET=latin1;

-- --------------------------------------------------------

--
-- Table structure for table `sr`
--

CREATE TABLE `sr` (
  `id_sr` bigint NOT NULL,
  `id_user` int DEFAULT NULL,
  `id_divisi` int DEFAULT NULL,
  `id_manager` int DEFAULT NULL,
  `id_anggaran` int DEFAULT NULL,
  `id_supplier` int DEFAULT NULL,
  `nm_barang` varchar(200) DEFAULT NULL,
  `nominal` bigint DEFAULT NULL,
  `diskon` bigint DEFAULT NULL,
  `total` bigint DEFAULT NULL,
  `nilai_ppn` bigint DEFAULT NULL,
  `grand_total` bigint DEFAULT NULL,
  `note` text,
  `keterangan` text,
  `komentar` text,
  `doc_ba` text,
  `doc_penawaran` text,
  `doc_quotation` text,
  `alasan_penolakan` text,
  `created_at` datetime DEFAULT NULL,
  `updated_at` datetime DEFAULT NULL,
  `created_by` varchar(50) DEFAULT NULL,
  `updated_by` varchar(50) DEFAULT NULL,
  `app_mgr` datetime DEFAULT NULL,
  `app_purchasing` datetime DEFAULT NULL,
  `status` varchar(10) DEFAULT NULL
) ENGINE=InnoDB DEFAULT CHARSET=utf8mb3;

-- --------------------------------------------------------

--
-- Table structure for table `sub_dbo`
--

CREATE TABLE `sub_dbo` (
  `id_subdbo` int NOT NULL,
  `id_dbo` int DEFAULT NULL,
  `sub_deskripsi` text,
  `sub_qty` decimal(10,2) DEFAULT '0.00',
  `sub_unit` varchar(20) DEFAULT NULL,
  `sub_unitprice` decimal(12,2) NOT NULL DEFAULT '0.00',
  `total_price` decimal(12,2) NOT NULL DEFAULT '0.00',
  `status_subdbo` int DEFAULT NULL
) ENGINE=InnoDB DEFAULT CHARSET=latin1;

-- --------------------------------------------------------

--
-- Table structure for table `sub_golongan`
--

CREATE TABLE `sub_golongan` (
  `id_subgolongan` int NOT NULL,
  `id_golongan` varchar(5) DEFAULT NULL,
  `nm_subgolongan` varchar(200) DEFAULT NULL
) ENGINE=InnoDB DEFAULT CHARSET=latin1;

--
-- Dumping data for table `sub_golongan`
--

INSERT INTO `sub_golongan` (`id_subgolongan`, `id_golongan`, `nm_subgolongan`) VALUES
(1, '1', 'Biaya Alat Tulis Kantor'),
(2, '25', 'Biaya Telphon/Internet/Fax'),
(3, '4', 'Biaya R&M IT'),
(4, '4', 'Biaya Maintenance IT'),
(5, '24', 'Biaya Rumah Tangga Kantor'),
(6, '25', 'Biaya Telpon, Fax dan Internet'),
(7, '5', 'Biaya Alat Tulis Kantor'),
(8, '11', 'Biaya Benda Pos dan Materai'),
(9, '38', 'Biaya Photo Copy dan Cetak'),
(10, '', 'Biaya Peralatan & Perlengkapan'),
(11, '5', 'Biaya Meeting'),
(12, '5', 'Biaya Tiket&Akomodasi'),
(13, '14', 'Biaya Transportasi Umum'),
(14, '14', 'Biaya Tol,BBM,Parkir'),
(15, '5', 'Biaya Reparasi dan Pemeliharaan'),
(18, '10', 'Operasional Bahandle BICT'),
(19, '10', 'Oerasional Bahandle KOJA'),
(20, '11', 'Matrai KOJA'),
(21, '11', 'Matrai JICT'),
(22, '12', 'TKBM Graha Segara'),
(23, '12', 'TKBM Kalibaru'),
(24, '13', 'Biaya Solar JICT'),
(25, '13', 'Biaya Solar KOJA'),
(26, '14', 'BBM'),
(27, '14', 'PARKIR'),
(28, '14', 'E-Toll'),
(29, '14', 'Angkutan Umum ( Grab, Gojek,Taxi,dll )'),
(30, '15', 'Oli Alat Berat'),
(31, '16', 'Sewa Peralatan'),
(32, '16', 'Sewa Alat Berat'),
(33, '17', 'Perawatan yard Graha Segara'),
(34, '17', 'Perawatan Yard Belawan'),
(35, '18', 'Keamanan JICT'),
(36, '18', 'Keamanan KOJA'),
(37, '19', 'Karyawan'),
(39, '20', 'Pelatihan / Seminar'),
(40, '20', 'Tunjangan dan Lain-lain'),
(41, '21', 'BPJS KETENAGAKERJAAN'),
(42, '21', 'BPJS Kesehatan'),
(43, '22', 'Asuransi Umum'),
(44, '22', 'Asuransi Karyawan'),
(45, '23', 'Perawatan JICT'),
(46, '23', 'Perawatan KOJA'),
(47, '23', 'Perawatan IT JICT'),
(48, '23', 'Perawatan IT KOJA'),
(50, '37', 'Akomodasi Meeting'),
(51, '36', 'Perlengkapan'),
(52, '24', 'Kesehatan Karyawan'),
(53, '24', 'SEGEL'),
(54, '24', 'DKM'),
(55, '24', 'Kebutuhan Dapur Dan Peralatan Kebersihan'),
(56, '24', 'Biaya Lain-Lain'),
(57, '25', 'Biaya Telepone'),
(58, '25', 'Biaya Internet'),
(59, '26', 'Biaya LIstrik'),
(60, '26', 'Biaya PAM / Air'),
(61, '27', 'Biaya Perpanjangan STNK '),
(62, '27', 'Perpanjangan Ijin '),
(63, '27', 'Biaya Administrasi Lain-Lain'),
(64, '28', 'Biaya Penyimpanan'),
(65, '28', 'Biaya Pemusnahan'),
(66, '29', 'Tinta Printer'),
(67, '29', 'Alat Tulis Kantor'),
(68, '38', 'Cetakan'),
(69, '30', 'Biaya Iklan'),
(70, '30', 'Promosi'),
(71, '31', 'Biaya Claim'),
(72, '32', 'Biaya Tenaga Ahli '),
(73, '32', 'Biaya Konsultan'),
(74, '33', 'Biaya PBB'),
(75, '33', 'Pajak Pasal 4'),
(76, '33', 'Pajak Pasal 21'),
(77, '33', 'Pajak Pasal 23'),
(78, '33', 'PPH Pasal 25'),
(79, '33', 'Pajak'),
(80, '34', 'Perjalanan Dinas Direksi'),
(81, '34', 'Perjalanan Dinas Manager'),
(82, '34', 'Perjalanan Dinas Spv'),
(83, '34', 'Perjalanan Dinas Koordinator'),
(84, '34', 'Perjalanan Dinas Staff'),
(85, '28', 'Pengarsipan'),
(86, '35', 'Non RAB'),
(87, '36', 'Elektronik'),
(88, '23', 'Upgrade MYOB'),
(89, '37', 'Akomodasi Marketing'),
(90, '36', 'Perawatan'),
(91, '23', 'Genset Cummins K-19'),
(92, '23', 'Genset Hydrant'),
(93, '23', '3 Genset Portable'),
(94, '23', 'Mobil Truck Tangki'),
(96, '15', 'Oli'),
(97, '23', 'Mobil Hilux'),
(98, '23', 'Forklift'),
(99, '23', 'Truck ( 7 unit )'),
(100, '23', 'Ban Truck'),
(101, '23', 'Peralatan Kerja'),
(102, '23', 'RS - DRF & DRT'),
(103, '23', 'Spare Part'),
(104, '40', 'Mouse'),
(105, '40', 'Pointer'),
(106, '41', 'Emergency Response Preparedness (RTK)'),
(107, '41', 'Emergency Response Preparedness (Perlengkapan)'),
(108, '41', 'Safety Sign'),
(109, '41', 'Penanganan COVID-19'),
(110, '41', 'RAPID dan PCR'),
(111, '25', 'Pulsa'),
(112, '38', 'Tinta Printer'),
(113, '24', 'Kebutuhan Dapur'),
(114, '24', 'Kebutuhan Kebersihan'),
(115, '24', 'Alat Alat Kebersihan'),
(116, '24', 'Batu Baterai'),
(117, '24', 'Tissue '),
(118, '24', 'Obat-Obatan'),
(119, '24', 'SEGEL'),
(120, '12', 'TKBM'),
(121, '12', 'Upah Lembur TKBM '),
(122, '43', 'Biaya Sewa Forklift'),
(123, '43', 'Sewa Truck Trailler'),
(124, '26', 'Utilitas'),
(125, '43', 'Sewa Reachstacker '),
(126, '23', 'Pembelian Inventaris'),
(127, '23', 'Perawatan dan Perbaikan Mobil Operasional'),
(128, '44', 'Lembur operator Forklift'),
(129, '45', 'Petugas Kebersihan Kalibaru'),
(130, '23', 'Alat Bantu Kerja'),
(131, '13', 'Solar Forklift'),
(132, '13', 'Solar Kalmar'),
(133, '23', 'Perawatan dan Perbaikan Kalmar'),
(134, '23', 'Biaya Supir Truck'),
(135, '46', 'Kontainer Office'),
(136, '46', 'Mesin Finger Scan'),
(137, '49', 'Akomodasi Pengajian'),
(143, '30', 'Iklan Tabloit Maritim'),
(144, '50', 'ELEKTRONIK'),
(145, '50', 'PERMEBELAN'),
(146, '38', 'Biaya Alat Tulis Kantor'),
(147, '24', 'Biaya Obat - Obatan'),
(148, '51', 'Biaya Operasional Bahandle'),
(149, '52', 'Gaji Direksi'),
(150, '52', 'Bonus '),
(151, '52', 'THR'),
(152, '39', 'Perawatan RTGC'),
(153, '39', 'Kontrak PM PT. JPPI'),
(154, '39', 'Kontrak PM PT. JPPI Consumable'),
(156, '39', 'Kontrak Operator PT. EMCO'),
(157, '39', 'Lembur Operator RTGC'),
(158, '18', 'Keamanan'),
(159, '24', 'Akomodasi Sewa Mobil Untuk BC'),
(160, '55', 'Tenaga Ahli'),
(161, '56', 'Bangunan'),
(162, '57', 'KENDARAAN'),
(163, '24', 'Sport Activity'),
(164, '77', 'Penyusutan Kendaraan KOJA'),
(165, '76', 'Penyusutan Kendaraan JICT'),
(166, '75', 'Penyusutan Bangunan JICT'),
(167, '74', 'Penyusutan Peralatan KOJA'),
(168, '73', 'Penyusutan Peralatan JICT'),
(169, '72', 'Penyusutan Cont. Yard KOJA'),
(170, '71', 'Penyusutan Cont. Yard JICT'),
(171, '70', 'Biaya Pelindo'),
(172, '68', 'Beban Monitoring'),
(173, '67', 'Beban Cost Recovery KOJA'),
(174, '66', 'Beban Cost Recovery JICT'),
(175, '65', 'Sharing Penumpukan KOJA'),
(176, '64', 'Sharing Penumpukan JICT'),
(177, '63', 'Beban Pas Trucking  KOJA'),
(178, '62', 'Beban Pas Trucking  JICT'),
(179, '60', 'Beban Nota COGS Koja'),
(180, '59', 'Beban Administrasi COGS JICT'),
(181, '58', 'Beban Nota COGS JICT'),
(182, '90', 'Piutang Wira'),
(183, '89', 'Piutang Eka Nuri Anugrah'),
(184, '88', 'Piutang afiliasi PIP'),
(185, '87', 'Piutang Afiliasi PEIP Perkasa'),
(186, '86', 'Piutang Afiliasi PT PIM'),
(187, '85', 'Piutang Kalibaru NPT'),
(188, '84', 'Piutang Graha Cab. Medan'),
(189, '83', 'Piutang KCI'),
(190, '82', 'Piutang Ekatama Trans'),
(191, '81', 'Piutang Afiliasi KJ3'),
(192, '80', 'Piutang Afiliasi Eka Jaya'),
(193, '79', 'Piutang Afiliasi Ekanuri'),
(194, '78', 'Piutang Afiliasi PT. EIP'),
(195, '91', 'uang muka pph pasal 23'),
(196, '92', 'Solar'),
(197, '93', 'Deposito JICT BHD'),
(198, '94', 'Deposito JICT Storage'),
(199, '95', 'Deposito Operasional Koja'),
(200, '96', 'Deposito MTI'),
(201, '97', 'Biaya Adm dan Bank (Mandiri)'),
(202, '98', 'Biaya Adm dan Bank (BNI)'),
(203, '99', 'Biaya Adm dan Bank (BCA)'),
(204, '100', 'Biaya Adm dan Bank (BRI)'),
(205, '101', 'Bunga Leasing'),
(206, '102', 'Biaya Bunga BCA'),
(207, '103', 'Biaya  Adm Lain-Lain'),
(208, '104', 'Pengisian Petty Cash'),
(209, '44', 'Reward HOC'),
(210, '105', 'Hutang Koperasi'),
(211, '24', 'Akomodasi Sewa Ruang Meeting'),
(212, '44', 'Reward Karyawan'),
(213, '70', 'Biaya Admin Pelindo'),
(214, '41', 'Safety Award'),
(215, '48', 'MMP Graha Segara');

-- --------------------------------------------------------

--
-- Table structure for table `supplier`
--

CREATE TABLE `supplier` (
  `id_supplier` int NOT NULL,
  `nm_supplier` varchar(50) DEFAULT NULL,
  `kota_supplier` varchar(25) DEFAULT NULL,
  `alamat_supplier` varchar(200) DEFAULT NULL,
  `no_telponsupplier` varchar(15) DEFAULT NULL,
  `no_faxsupplier` varchar(15) DEFAULT NULL,
  `email_supplier` varchar(25) DEFAULT NULL
) ENGINE=InnoDB DEFAULT CHARSET=latin1;

--
-- Dumping data for table `supplier`
--

INSERT INTO `supplier` (`id_supplier`, `nm_supplier`, `kota_supplier`, `alamat_supplier`, `no_telponsupplier`, `no_faxsupplier`, `email_supplier`) VALUES
(0, 'Supplier Belum Ada', NULL, NULL, NULL, NULL, NULL),
(5, 'Mandiri Sukses Sentosa', '', '', '', '', ''),
(6, 'EQ Stasionery', '', '', '', '', ''),
(7, 'Global Citra Mandiri', '', '', '', '', ''),
(8, 'Cahaya Inti Perdana', '', '', '', '', ''),
(9, 'Jodabo Sukses', NULL, NULL, NULL, NULL, NULL),
(10, 'PD Unindo Teknik', NULL, NULL, NULL, NULL, NULL),
(11, 'Rorica Jaya Abadi', NULL, NULL, NULL, NULL, NULL),
(12, 'Setia Ban', NULL, NULL, NULL, NULL, NULL),
(13, 'Duta Adikarya Utama', NULL, NULL, NULL, NULL, NULL),
(14, 'Hakka Yatama', NULL, NULL, NULL, NULL, NULL),
(15, 'Ananda Print', NULL, NULL, NULL, NULL, NULL),
(16, 'Grewal Galeri', NULL, NULL, NULL, NULL, NULL),
(17, 'Sinar Bahagia Gajahmada', NULL, NULL, NULL, NULL, NULL),
(18, 'Indo Traktor Utama', NULL, NULL, NULL, NULL, NULL),
(19, 'Rekatama Tunggal Mandiri', NULL, NULL, NULL, NULL, NULL),
(20, 'Mandiri Jaya Perkasa', NULL, NULL, NULL, NULL, NULL),
(21, 'Sinar Baru', NULL, NULL, NULL, NULL, NULL),
(22, 'Altros Teknologi', NULL, NULL, NULL, NULL, NULL),
(23, 'PD Ilmi Jaya', NULL, NULL, NULL, NULL, NULL),
(24, 'SMT Tehnik', NULL, NULL, NULL, NULL, NULL),
(25, 'CV Portindo Solutions', NULL, NULL, NULL, NULL, NULL),
(26, 'Duta Hita Jaya', NULL, NULL, NULL, NULL, NULL),
(27, 'Setia Handa Mandiri', NULL, NULL, NULL, NULL, NULL),
(28, 'Mekasindo Pesona', NULL, NULL, NULL, NULL, NULL),
(29, 'Citra Maju Sentosa', NULL, NULL, NULL, NULL, NULL),
(30, 'Sankyo', NULL, NULL, NULL, NULL, NULL),
(31, 'Roda Andalan Bersinergi', NULL, NULL, NULL, NULL, NULL),
(32, 'Surewi Wardrobe', NULL, NULL, NULL, NULL, NULL),
(33, 'Lampu Glodok Electric ', NULL, NULL, NULL, NULL, NULL),
(34, 'LTA Diesel Engine Service', NULL, NULL, NULL, NULL, NULL),
(35, 'CV Asalam One', NULL, NULL, NULL, NULL, NULL),
(36, 'Berkat Niaga Dunia', NULL, NULL, NULL, NULL, NULL),
(37, 'Jaya Perkasa Abadi', NULL, NULL, NULL, NULL, NULL),
(38, 'Era Teknik Indonesia', NULL, NULL, NULL, NULL, NULL),
(39, 'Berca Hardaya Perkasa', NULL, NULL, NULL, NULL, NULL),
(40, 'Solusi Jaya Mandiri ', NULL, NULL, NULL, NULL, NULL),
(41, 'Bakersfield Computer', 'Jakarta', 'Harco Plaza Lantai 1 block b no.73 Jalan Arteri Mangga Dua, Jl. Mangga Dua Raya, RT.1/RW.12, Mangga Dua Sel., Kecamatan Sawah Besar, DKI Jakarta, Daerah Khusus Ibukota Jakarta 10730', '081281460878', '', ''),
(42, 'Toko Bahagia', 'Jakarta Utara', 'Jalan Raya Pelabuhan Lorong 20', '', '', ''),
(43, 'Nusantara Motor', 'Jakarta', 'Jl. Enggano, Tanjung Priok', '', '', ''),
(44, 'PT Tangguh Bejo', 'Jakarta Utara', 'Jl Badak Laut No.2 Rawa Badak Selatan, Koja, Jakarta Utara', '', '', ''),
(45, 'PT Tangguh Bejo', 'Jakarta Utara', '', '-', '', ''),
(46, 'PT Tangguh Bejo', 'Jakarta Utara', '', '-', '-', ''),
(47, 'PT Tangguh Bejo', '', 'Jl. Badak Laut No.2, Rawa Badak Selatan', '', '', ''),
(48, 'Sumber Rezeki', 'Jakarta', 'Percetakan Negara', '', '', ''),
(49, 'Fiki Surya', 'Bekasi', 'Jl. Purimustika Raya b1/7 RT05 RW17 Pengasinan Rawalumbu', '', '', ''),
(50, 'Toko HIdup Baru', 'Jakarta Utara', 'Jln Bugis No.84 Kebon Bawang, Tanjung Priok', '', '', ''),
(51, 'Nusantara Motor', 'Jakarta Utara', 'Jalan Enggano', '', '', ''),
(52, 'Nusantara Motor', 'Jakarta Utara', 'Jalan Enggano', '', '', ''),
(53, 'Bintang Terang', '', '', '', '', ''),
(54, 'KLOP (Kreasi Lancar Orientasi Prima)', 'J', '', '', '', ''),
(55, 'Sugi Mandiri', '', 'Pertokoan Glodok Blustru, No. 10 - 11 - 12', '', '', ''),
(56, 'Tanjung Priok Motor', '', 'Jl. Enggano Raya-Tanjung Priok', '', '', ''),
(57, 'Aceng Radiator', '', 'Jl. Akses Marunda No. 3', '', '', ''),
(58, 'Surya Jya ', '', 'Jl. Kramat Jaya No. 22', '', '', ''),
(59, 'Surya Jaya', '', 'Jl. Kramat Jaya No. 22', '', '', ''),
(60, 'Garasi Mini', '', 'Jl. Intan no.5 - Bekasi', '08567766050', '', ''),
(61, 'Tristar Media Kreasindo', 'Jakarta', 'Jl. Pondok Kelapa RayaBlok G1 No.18', '021-22865876', '', ''),
(62, 'Kula Mitra Sukses', 'Jakarta', 'Jl. Raya Cakung Cilincing Km.2', '081311446817', '', ''),
(63, 'Toko Ramadja', 'Jakarta', 'Jl Kebon Bawang VII No.3', '021 4353306', '-', ''),
(64, 'Sumber Tekhnik', '', 'Jl. Raya Cilincing No.7', '', '', ''),
(65, 'UD Maju Jaya', 'Jakarta', '', '', '', ''),
(66, 'Metro Furniture', '', 'Jl. Kramat Jaya Raya No.2-46', '', '', ''),
(67, 'Ventilasi Tehnik', '', 'Kompleks Pertokoan Glodok Makmur No. 10', '021-6240123', '', ''),
(68, 'Sumber Baut Sunter', '', 'Jl. Danau Sunter Utara J12', ' (021) 6512189', '', ''),
(69, 'Toko 3 Putri', '', 'Jl. sindang terusan no 25', '', '', ''),
(70, 'Depoteknik Duta Perkakas', '', 'Jl. Hayam Wuruk , Komp. Glodok Raya No.82', '021-6255333', '', ''),
(71, 'Hibaindo Armada Motor', '', 'Jl. Raya Bekasi Timur Km.22 Cakung', '', '', ''),
(72, 'Arsika Desain Konstruksi', 'Bekasi', 'Komplek Sapta Taruna II Koperpu IV no. 64', '', '', ''),
(73, 'Putri Solo', '', 'Jl. raya cikunir no. 1 Bekasi Selatan', '', '', ''),
(74, 'Jaya Kencana', '', 'Salemba Raya 61', '', '', ''),
(75, 'Mitradaya Sukses Mandiri', '', 'Jl. Biak No.31, RT.2/RW.5, Cideng', '', '', ''),
(76, 'PT Ultra Duta Teknologi', 'Jakarta', '-', '0818882098', '-', ''),
(77, 'Sagita Elektronik', 'Jakarta', '-', '-', '-', ''),
(78, 'Apotik Permai', 'Jakarta', '-', '-', '-', ''),
(79, 'UD Sahabat', '', 'Jl. Raya cilincing No. 2-3', '', '', ''),
(80, 'sarang baterai', '', ' Jl. Hayam Wuruk No.30', '', '', ''),
(81, 'Veneta System Refill Center', '', ' Jl. Danau Sunter Utara Blk. D No.10, RT.5/RW.18, Sunter Agung, Tj. Priok, Kota Jkt Utara, Daerah Khusus Ibukota Jakarta 14350', '', '', ''),
(82, 'Apotek Ny Ohoka', '', 'Jl SIndang - Permai', '', '', ''),
(83, 'Ace Hardware', 'Jakarta', '', '-', '', ''),
(84, 'Rabtech ', '', '', '', '', ''),
(85, 'Sahabat Kreasi', 'Jakarta', '', '', '', ''),
(86, 'Toko Sumber Makmur ', '', 'Harco Mangga Dua', '', '', ''),
(87, 'Berdikari ', '', 'Jl. Lagoa Terusan Tanjung Priok - Jakarta Utara', '', '', ''),
(88, 'Artha Kahfi', '', 'Jl. Boulevard Barat Raya, Kelapa Gading ', '021 45847345', '', 'marketing@arthakahfi.co.i'),
(89, 'Puket Electronic', '', 'Jl. Pinangsia Plaza Glodok', '', '', ''),
(90, 'Dunia Pendingin Indonesia', '', ' Jl. Hayam Wuruk No.127, RT.1/RW.6, Mangga Besar, Kec. Taman Sari, Kota Jakarta Barat, Daerah Khusus Ibukota Jakarta 11180', '', '', ''),
(91, 'Alco Teknik', '', 'Jl. Cipeucang V no. 34 b rt. 011/rw.002 kel, RT.1/RW.2, Rawabadak Utara, Kec. Koja, Kota Jkt Utara, Daerah Khusus Ibukota Jakarta 14230', '', '', ''),
(92, 'PT Gelar Buana Semesta', '', 'Jl. Mentor No. 62 Bandung', '', '', ''),
(93, 'Muhammad Kadafhi', 'Jakarta', '-', '-', '-', ''),
(94, 'Ardhani Print', 'Jakarta', '-', '-', '-', ''),
(95, 'Inti Data', '', 'Harco Mangga 2 Lt. 1 B1', '', '', ''),
(96, 'Asri Panorama Dekor Taman', '', 'Jl. Deli, RT.4/RW.3, Koja, Kec. Koja, Kota Jkt Utara, Daerah Khusus Ibukota Jakarta 14220', '', '', ''),
(97, 'Kurnia Fotocopy', '', 'Jl. Balai Pustaka', '', '', ''),
(98, 'PD Sampurna Motor', '', '', '', '', ''),
(99, 'Tunas Motor ', '', '', '', '', ''),
(100, 'Sumber Logam', '', '', '', '', ''),
(101, 'Menara Agung Stationery', '', 'Proyek Ps. Pagi Asemka, Jl. Blk. Si No.8, RT.6/RW.2, Roa Malaka, Tambora, Jakarta Barat, Kota Jakarta Barat, Daerah Khusus Ibukota Jakarta 11230', '', '', ''),
(102, 'Alfamart', '', '', '', '', ''),
(103, 'Banmadju Mandiriperkasa', '', 'Jl. Kampung Bandan No. 33 Ancol', '', '', ''),
(104, 'Sumber Jaya Hose', '', 'Jl. Raya Cilincing No. 2-3 Tanjung Priok - Jakarta Utara', '', '', ''),
(105, 'Gilang Medika', '', '', '', '', ''),
(106, 'Timur Baru Jaya', '', '', '', '', ''),
(107, 'Utama Motor', '', '', '', '', ''),
(108, 'Mitra Usaha Seal', '', '', '', '', ''),
(109, 'Unggul Service Indo', '', 'Harco Mangga Dua Plaza Lt.1', '', '', ''),
(110, 'Maxindo Mitra Solusi', '', 'Jl. Marina Raya RKC Blok H No.77\r\nPantai Indah KApuk, Jakarta Utara', '021-80624666', '', ''),
(111, 'Dunia Roda', '', '', '', '', ''),
(112, 'Garasi Store', '', '', '', '', ''),
(113, 'Kantor POS', '', ' Jl. Kebon Bawang VII No.18, RT.3/RW.6, Kb. Bawang, Tj. Priok, Kota Jkt Utara, Daerah Khusus Ibukota Jakarta 14320', '', '', ''),
(114, 'Toko Putra Idaman', '', 'Jl. F Raya No.1, RW.4, Rawabadak Utara, Kec. Koja, Kota Jkt Utara, Daerah Khusus Ibukota Jakarta 14230', '', '', ''),
(115, 'Sumber Makmur', '', '', '', '', '');

-- --------------------------------------------------------

--
-- Table structure for table `tagihan_po`
--

CREATE TABLE `tagihan_po` (
  `id_tagihan` bigint NOT NULL,
  `po_id` int DEFAULT NULL,
  `bkk_id` int DEFAULT NULL,
  `regulasi_tempo` varchar(2) CHARACTER SET utf8 COLLATE utf8_unicode_ci DEFAULT NULL,
  `persentase` int DEFAULT NULL,
  `nominal` decimal(12,2) NOT NULL DEFAULT '0.00',
  `doc_faktur` varchar(200) CHARACTER SET utf8 COLLATE utf8_unicode_ci DEFAULT NULL,
  `no_ref_faktur` varchar(50) CHARACTER SET utf8 COLLATE utf8_unicode_ci DEFAULT NULL,
  `tgl_buat` datetime DEFAULT NULL,
  `tgl_tempo` datetime DEFAULT NULL,
  `app_pajak` datetime DEFAULT NULL,
  `status_tagihan` varchar(3) CHARACTER SET utf8 COLLATE utf8_unicode_ci DEFAULT NULL
) ENGINE=InnoDB DEFAULT CHARSET=utf8mb3 COLLATE=utf8_unicode_ci;

-- --------------------------------------------------------

--
-- Table structure for table `tahun`
--

CREATE TABLE `tahun` (
  `id_tahun` int NOT NULL,
  `nm_tahun` varchar(4) NOT NULL
) ENGINE=InnoDB DEFAULT CHARSET=latin1;

--
-- Dumping data for table `tahun`
--

INSERT INTO `tahun` (`id_tahun`, `nm_tahun`) VALUES
(2, '2020'),
(3, '2021');

-- --------------------------------------------------------

--
-- Table structure for table `tolak_bkk_final`
--

CREATE TABLE `tolak_bkk_final` (
  `id` int NOT NULL,
  `id_bkk_final` int DEFAULT NULL,
  `alasan_tolak_pajak` text,
  `waktu_tolak_pajak` datetime DEFAULT NULL,
  `alasan_tolak_mgrfin` text,
  `waktu_tolak_mgrfin` datetime DEFAULT NULL,
  `alasan_tolak_direktur` text,
  `waktu_tolak_direktur` datetime DEFAULT NULL
) ENGINE=InnoDB DEFAULT CHARSET=latin1;

-- --------------------------------------------------------

--
-- Table structure for table `tolak_kasbon`
--

CREATE TABLE `tolak_kasbon` (
  `id_tolak` int NOT NULL,
  `kasbon_id` varchar(15) DEFAULT NULL,
  `alasan_tolak_direktur` text,
  `waktu_tolak_direktur` datetime DEFAULT NULL,
  `alasan_tolak_mgrfin` text,
  `waktu_tolak_mgrfin` datetime DEFAULT NULL,
  `alasan_tolak_mgrga` text,
  `waktu_tolak_mgrga` datetime DEFAULT NULL,
  `alasan_tolak_pajak` text,
  `waktu_tolak_pajak` datetime DEFAULT NULL
) ENGINE=InnoDB DEFAULT CHARSET=latin1;

-- --------------------------------------------------------

--
-- Table structure for table `tolak_po`
--

CREATE TABLE `tolak_po` (
  `id_tolak` int NOT NULL,
  `po_id` varchar(15) DEFAULT NULL,
  `alasan_tolak_direktur` text,
  `waktu_tolak_direktur` datetime DEFAULT NULL,
  `alasan_tolak_mgrfin` text,
  `waktu_tolak_mgrfin` datetime DEFAULT NULL,
  `alasan_tolak_mgrga` text,
  `waktu_tolak_mgrga` datetime DEFAULT NULL,
  `alasan_tolak_pajak` text,
  `waktu_tolak_pajak` datetime DEFAULT NULL
) ENGINE=InnoDB DEFAULT CHARSET=latin1;

-- --------------------------------------------------------

--
-- Table structure for table `transaksi_pettycash`
--

CREATE TABLE `transaksi_pettycash` (
  `id_pettycash` int NOT NULL,
  `kd_pettycash` varchar(15) DEFAULT NULL,
  `id_dbo` int DEFAULT NULL,
  `id_divisi` varchar(15) DEFAULT NULL,
  `id_manager` varchar(15) DEFAULT NULL,
  `id_anggaran` int DEFAULT NULL,
  `keterangan_pettycash` varchar(200) DEFAULT NULL,
  `komentar_pettycash` text,
  `nominal_pengajuan` decimal(12,2) NOT NULL DEFAULT '0.00',
  `pengembalian` decimal(12,2) NOT NULL DEFAULT '0.00',
  `penambahan` decimal(12,2) NOT NULL DEFAULT '0.00',
  `total_pettycash` decimal(12,2) DEFAULT NULL,
  `penerima_dana` varchar(50) DEFAULT NULL,
  `doc_lpj_pettycash` varchar(200) DEFAULT NULL,
  `created_pettycash_on` datetime DEFAULT NULL,
  `created_pettycash_by` varchar(50) DEFAULT NULL,
  `last_modified_pettycash_on` datetime DEFAULT NULL,
  `last_modified_pettycash_by` varchar(50) DEFAULT NULL,
  `app_mgr` datetime DEFAULT NULL,
  `pym_ksr` datetime DEFAULT NULL,
  `lpj_user` datetime DEFAULT NULL,
  `vrf_ksr` datetime DEFAULT NULL,
  `from` varchar(15) NOT NULL DEFAULT 'user',
  `status_pettycash` varchar(15) NOT NULL DEFAULT '1'
) ENGINE=InnoDB DEFAULT CHARSET=latin1;

-- --------------------------------------------------------

--
-- Table structure for table `user`
--

CREATE TABLE `user` (
  `id_user` int NOT NULL,
  `username` varchar(20) NOT NULL,
  `password` varchar(255) NOT NULL,
  `nama` varchar(40) CHARACTER SET utf8 COLLATE utf8_general_ci NOT NULL,
  `email` varchar(100) CHARACTER SET utf8 COLLATE utf8_general_ci NOT NULL,
  `level` enum('anggaran','admin_divisi','manager','admin_pajak','kordinator_pajak','kasir','direktur','direktur_eksekutif','purchasing','manager_ga','manager_keuangan','superuser','account_receivable','gm') NOT NULL,
  `id_divisi` varchar(15) DEFAULT NULL,
  `id_manager` varchar(15) DEFAULT NULL,
  `asmen` varchar(50) DEFAULT NULL,
  `area` varchar(40) CHARACTER SET utf8 COLLATE utf8_general_ci NOT NULL
) ENGINE=InnoDB DEFAULT CHARSET=latin1;

--
-- Dumping data for table `user`
--

INSERT INTO `user` (`id_user`, `username`, `password`, `nama`, `email`, `level`, `id_divisi`, `id_manager`, `asmen`, `area`) VALUES
(1, 'admin_ops', '8e2faf0e042f5e343777ece1cae5f7e2', 'Admin OPS', 'admin.ops@gsbelawan.com', 'admin_divisi', '10', '21', NULL, 'GS Belawan'),
(2, 'admin_ga', '8e2faf0e042f5e343777ece1cae5f7e2', 'Admin GA', 'admin.ga@gsbelawan.com', 'admin_divisi', '14', '17', NULL, 'GS Belawan'),
(3, 'admin_finance', '8e2faf0e042f5e343777ece1cae5f7e2', 'Admin Finance', 'admin.finance.@gmail.com', 'admin_divisi', '15', '18', NULL, 'GS Belawan'),
(4, 'admin_hrd', '8e2faf0e042f5e343777ece1cae5f7e2', 'Admin HRD', 'admin.hrd@gmail.com', 'admin_divisi', '6', '19', NULL, 'GS Belawan'),
(5, 'admin_hse', '8e2faf0e042f5e343777ece1cae5f7e2', 'Admin HSE', 'admin.hse@gmail.com', 'admin_divisi', '7', '20', NULL, 'GS Belawan'),
(6, 'admin_opsumum', '8e2faf0e042f5e343777ece1cae5f7e2', 'Admin OPS Umum', 'admin.ops@gmail.com', 'admin_divisi', '10', '21', NULL, 'GS Belawan'),
(7, 'admin_teknik', '8e2faf0e042f5e343777ece1cae5f7e2', 'Admin Teknik', 'admin.teknik@gmail.com', 'admin_divisi', '13', '21', NULL, 'GS Belawan'),
(8, 'admin_security', '8e2faf0e042f5e343777ece1cae5f7e2', 'Admin Security', 'admin.security@gmail.com', 'admin_divisi', '12', '21', NULL, 'GS Belawan'),
(9, 'admin_it', '8e2faf0e042f5e343777ece1cae5f7e2', 'Admin IT', 'admin.it@gmail.com', 'admin_divisi', '8', '17', NULL, 'GS Belawan'),
(10, 'admin_purchasing', '8e2faf0e042f5e343777ece1cae5f7e2', 'Admin Purchasing', 'admin.purchasing@gmail.com', 'admin_divisi', '11', '17', NULL, 'GS Belawan'),
(11, 'admin_building', '8e2faf0e042f5e343777ece1cae5f7e2', 'Admin Building', 'admin.building@gmail.com', 'admin_divisi', '4', '17', NULL, 'GS Belawan'),
(12, 'admin_manager', '8e2faf0e042f5e343777ece1cae5f7e2', 'Admin Manager', 'admin.manager@gmail.com', 'admin_divisi', '2', '17', NULL, 'GS Belawan'),
(13, 'admin_kasir', '8e2faf0e042f5e343777ece1cae5f7e2', 'Admin Kasir', 'admin.kasir@gmail.com', 'admin_divisi', '9', '18', NULL, 'GS Belawan'),
(14, 'admin_accounting', '8e2faf0e042f5e343777ece1cae5f7e2', 'Admin Accounting', 'admin.accounting@gmail.com', 'admin_divisi', '1', '18', NULL, 'GS Belawan'),
(15, 'admin_billing', '8e2faf0e042f5e343777ece1cae5f7e2', 'Admin Billing', 'admin.billing@gmail.com', 'admin_divisi', '3', '18', NULL, 'GS Belawan'),
(16, 'admin_cs', '8e2faf0e042f5e343777ece1cae5f7e2', 'Admin Cs', 'admin.cs@gmail.com', 'admin_divisi', '5', '18', NULL, 'GS Belawan'),
(17, 'yuda', '8e2faf0e042f5e343777ece1cae5f7e2', 'Yudha', 'yuda@grahasegara.com', 'manager_ga', '14', NULL, NULL, 'GS Belawan'),
(18, 'bayu', '8e2faf0e042f5e343777ece1cae5f7e2', 'Bayu', 'bayu@grahasegara.com', 'manager_keuangan', '15', NULL, NULL, 'GS Belawan'),
(19, 'tri', '8e2faf0e042f5e343777ece1cae5f7e2', 'Tri', 'tri@grahasegara.com', 'manager', '6', NULL, NULL, 'GS Belawan'),
(20, 'toyib', '8e2faf0e042f5e343777ece1cae5f7e2', 'Toyib', 'toyib@grahasegara.com', 'manager', '7', NULL, NULL, 'GS Belawan'),
(21, 'safei', '8e2faf0e042f5e343777ece1cae5f7e2', 'Safei', 'safei@grahasegara.com', 'manager', '10', NULL, NULL, 'GS Belawan'),
(22, 'kasir', '8e2faf0e042f5e343777ece1cae5f7e2', 'Kasir', 'kasir@grahasegara.com', 'kasir', '9', NULL, NULL, 'GS Belawan'),
(23, 'pajak', '8e2faf0e042f5e343777ece1cae5f7e2', 'Pajak', 'pajak@grahasegara.com', 'kordinator_pajak', '15', NULL, NULL, 'GS Belawan'),
(24, 'akn', '8e2faf0e042f5e343777ece1cae5f7e2', 'Andi', 'andi@grahasegara.com', 'gm', '15', NULL, NULL, 'GS Jakarta'),
(25, 'purchasing', '8e2faf0e042f5e343777ece1cae5f7e2', 'Purchasing', 'default.enc@gmail.com', 'purchasing', '11', NULL, NULL, 'GS Belawan');

--
-- Indexes for dumped tables
--

--
-- Indexes for table `anggaran`
--
ALTER TABLE `anggaran`
  ADD PRIMARY KEY (`id_anggaran`);

--
-- Indexes for table `bank`
--
ALTER TABLE `bank`
  ADD PRIMARY KEY (`id_bank`);

--
-- Indexes for table `biaya_ops`
--
ALTER TABLE `biaya_ops`
  ADD PRIMARY KEY (`kd_transaksi`);

--
-- Indexes for table `bkk`
--
ALTER TABLE `bkk`
  ADD PRIMARY KEY (`id_bkk`);

--
-- Indexes for table `bkk_final`
--
ALTER TABLE `bkk_final`
  ADD PRIMARY KEY (`id`);

--
-- Indexes for table `coa`
--
ALTER TABLE `coa`
  ADD PRIMARY KEY (`id_coa`);

--
-- Indexes for table `detail_biayaops`
--
ALTER TABLE `detail_biayaops`
  ADD PRIMARY KEY (`id`);

--
-- Indexes for table `detail_sr`
--
ALTER TABLE `detail_sr`
  ADD PRIMARY KEY (`id_dsr`),
  ADD KEY `detail_sr_fk0` (`sr_id`);

--
-- Indexes for table `divisi`
--
ALTER TABLE `divisi`
  ADD PRIMARY KEY (`id_divisi`);

--
-- Indexes for table `golongan`
--
ALTER TABLE `golongan`
  ADD PRIMARY KEY (`id_golongan`);

--
-- Indexes for table `jenis_pengajuan`
--
ALTER TABLE `jenis_pengajuan`
  ADD PRIMARY KEY (`id_jenispengajuan`);

--
-- Indexes for table `kasbon`
--
ALTER TABLE `kasbon`
  ADD PRIMARY KEY (`id_kasbon`);

--
-- Indexes for table `log_system`
--
ALTER TABLE `log_system`
  ADD PRIMARY KEY (`id_log`);

--
-- Indexes for table `po`
--
ALTER TABLE `po`
  ADD PRIMARY KEY (`id_po`);

--
-- Indexes for table `pph`
--
ALTER TABLE `pph`
  ADD PRIMARY KEY (`id_pph`);

--
-- Indexes for table `provinsi`
--
ALTER TABLE `provinsi`
  ADD PRIMARY KEY (`kode_provinsi`);

--
-- Indexes for table `queue_email`
--
ALTER TABLE `queue_email`
  ADD PRIMARY KEY (`id_queue`);

--
-- Indexes for table `queue_email_tempo`
--
ALTER TABLE `queue_email_tempo`
  ADD PRIMARY KEY (`id_queue`);

--
-- Indexes for table `reapprove_bkk`
--
ALTER TABLE `reapprove_bkk`
  ADD PRIMARY KEY (`id`);

--
-- Indexes for table `reapprove_bkk_final`
--
ALTER TABLE `reapprove_bkk_final`
  ADD PRIMARY KEY (`id`);

--
-- Indexes for table `reapprove_kasbon`
--
ALTER TABLE `reapprove_kasbon`
  ADD PRIMARY KEY (`id`);

--
-- Indexes for table `rekening`
--
ALTER TABLE `rekening`
  ADD PRIMARY KEY (`id_rekening`);

--
-- Indexes for table `so`
--
ALTER TABLE `so`
  ADD PRIMARY KEY (`id_so`);

--
-- Indexes for table `sr`
--
ALTER TABLE `sr`
  ADD PRIMARY KEY (`id_sr`);

--
-- Indexes for table `sub_dbo`
--
ALTER TABLE `sub_dbo`
  ADD PRIMARY KEY (`id_subdbo`);

--
-- Indexes for table `sub_golongan`
--
ALTER TABLE `sub_golongan`
  ADD PRIMARY KEY (`id_subgolongan`);

--
-- Indexes for table `supplier`
--
ALTER TABLE `supplier`
  ADD PRIMARY KEY (`id_supplier`);

--
-- Indexes for table `tagihan_po`
--
ALTER TABLE `tagihan_po`
  ADD PRIMARY KEY (`id_tagihan`);

--
-- Indexes for table `tahun`
--
ALTER TABLE `tahun`
  ADD PRIMARY KEY (`id_tahun`);

--
-- Indexes for table `tolak_bkk_final`
--
ALTER TABLE `tolak_bkk_final`
  ADD PRIMARY KEY (`id`);

--
-- Indexes for table `tolak_kasbon`
--
ALTER TABLE `tolak_kasbon`
  ADD PRIMARY KEY (`id_tolak`);

--
-- Indexes for table `tolak_po`
--
ALTER TABLE `tolak_po`
  ADD PRIMARY KEY (`id_tolak`);

--
-- Indexes for table `transaksi_pettycash`
--
ALTER TABLE `transaksi_pettycash`
  ADD PRIMARY KEY (`id_pettycash`);

--
-- Indexes for table `user`
--
ALTER TABLE `user`
  ADD PRIMARY KEY (`id_user`);

--
-- AUTO_INCREMENT for dumped tables
--

--
-- AUTO_INCREMENT for table `anggaran`
--
ALTER TABLE `anggaran`
  MODIFY `id_anggaran` int NOT NULL AUTO_INCREMENT, AUTO_INCREMENT=315;

--
-- AUTO_INCREMENT for table `bank`
--
ALTER TABLE `bank`
  MODIFY `id_bank` int NOT NULL AUTO_INCREMENT, AUTO_INCREMENT=8;

--
-- AUTO_INCREMENT for table `bkk`
--
ALTER TABLE `bkk`
  MODIFY `id_bkk` int NOT NULL AUTO_INCREMENT;

--
-- AUTO_INCREMENT for table `bkk_final`
--
ALTER TABLE `bkk_final`
  MODIFY `id` int NOT NULL AUTO_INCREMENT;

--
-- AUTO_INCREMENT for table `coa`
--
ALTER TABLE `coa`
  MODIFY `id_coa` int NOT NULL AUTO_INCREMENT;

--
-- AUTO_INCREMENT for table `detail_biayaops`
--
ALTER TABLE `detail_biayaops`
  MODIFY `id` int NOT NULL AUTO_INCREMENT;

--
-- AUTO_INCREMENT for table `detail_sr`
--
ALTER TABLE `detail_sr`
  MODIFY `id_dsr` bigint NOT NULL AUTO_INCREMENT;

--
-- AUTO_INCREMENT for table `divisi`
--
ALTER TABLE `divisi`
  MODIFY `id_divisi` int NOT NULL AUTO_INCREMENT, AUTO_INCREMENT=16;

--
-- AUTO_INCREMENT for table `golongan`
--
ALTER TABLE `golongan`
  MODIFY `id_golongan` int NOT NULL AUTO_INCREMENT, AUTO_INCREMENT=106;

--
-- AUTO_INCREMENT for table `jenis_pengajuan`
--
ALTER TABLE `jenis_pengajuan`
  MODIFY `id_jenispengajuan` int NOT NULL AUTO_INCREMENT, AUTO_INCREMENT=3;

--
-- AUTO_INCREMENT for table `log_system`
--
ALTER TABLE `log_system`
  MODIFY `id_log` int NOT NULL AUTO_INCREMENT;

--
-- AUTO_INCREMENT for table `po`
--
ALTER TABLE `po`
  MODIFY `id_po` int NOT NULL AUTO_INCREMENT;

--
-- AUTO_INCREMENT for table `pph`
--
ALTER TABLE `pph`
  MODIFY `id_pph` int NOT NULL AUTO_INCREMENT, AUTO_INCREMENT=4;

--
-- AUTO_INCREMENT for table `queue_email`
--
ALTER TABLE `queue_email`
  MODIFY `id_queue` int NOT NULL AUTO_INCREMENT;

--
-- AUTO_INCREMENT for table `queue_email_tempo`
--
ALTER TABLE `queue_email_tempo`
  MODIFY `id_queue` int NOT NULL AUTO_INCREMENT;

--
-- AUTO_INCREMENT for table `reapprove_bkk`
--
ALTER TABLE `reapprove_bkk`
  MODIFY `id` int NOT NULL AUTO_INCREMENT;

--
-- AUTO_INCREMENT for table `reapprove_bkk_final`
--
ALTER TABLE `reapprove_bkk_final`
  MODIFY `id` int NOT NULL AUTO_INCREMENT;

--
-- AUTO_INCREMENT for table `reapprove_kasbon`
--
ALTER TABLE `reapprove_kasbon`
  MODIFY `id` int NOT NULL AUTO_INCREMENT;

--
-- AUTO_INCREMENT for table `rekening`
--
ALTER TABLE `rekening`
  MODIFY `id_rekening` int NOT NULL AUTO_INCREMENT, AUTO_INCREMENT=6;

--
-- AUTO_INCREMENT for table `so`
--
ALTER TABLE `so`
  MODIFY `id_so` bigint NOT NULL AUTO_INCREMENT;

--
-- AUTO_INCREMENT for table `sr`
--
ALTER TABLE `sr`
  MODIFY `id_sr` bigint NOT NULL AUTO_INCREMENT;

--
-- AUTO_INCREMENT for table `sub_dbo`
--
ALTER TABLE `sub_dbo`
  MODIFY `id_subdbo` int NOT NULL AUTO_INCREMENT;

--
-- AUTO_INCREMENT for table `sub_golongan`
--
ALTER TABLE `sub_golongan`
  MODIFY `id_subgolongan` int NOT NULL AUTO_INCREMENT, AUTO_INCREMENT=216;

--
-- AUTO_INCREMENT for table `supplier`
--
ALTER TABLE `supplier`
  MODIFY `id_supplier` int NOT NULL AUTO_INCREMENT, AUTO_INCREMENT=116;

--
-- AUTO_INCREMENT for table `tagihan_po`
--
ALTER TABLE `tagihan_po`
  MODIFY `id_tagihan` bigint NOT NULL AUTO_INCREMENT;

--
-- AUTO_INCREMENT for table `tahun`
--
ALTER TABLE `tahun`
  MODIFY `id_tahun` int NOT NULL AUTO_INCREMENT, AUTO_INCREMENT=4;

--
-- AUTO_INCREMENT for table `tolak_bkk_final`
--
ALTER TABLE `tolak_bkk_final`
  MODIFY `id` int NOT NULL AUTO_INCREMENT;

--
-- AUTO_INCREMENT for table `tolak_kasbon`
--
ALTER TABLE `tolak_kasbon`
  MODIFY `id_tolak` int NOT NULL AUTO_INCREMENT;

--
-- AUTO_INCREMENT for table `tolak_po`
--
ALTER TABLE `tolak_po`
  MODIFY `id_tolak` int NOT NULL AUTO_INCREMENT;

--
-- AUTO_INCREMENT for table `transaksi_pettycash`
--
ALTER TABLE `transaksi_pettycash`
  MODIFY `id_pettycash` int NOT NULL AUTO_INCREMENT;

--
-- AUTO_INCREMENT for table `user`
--
ALTER TABLE `user`
  MODIFY `id_user` int NOT NULL AUTO_INCREMENT, AUTO_INCREMENT=26;
COMMIT;

/*!40101 SET CHARACTER_SET_CLIENT=@OLD_CHARACTER_SET_CLIENT */;
/*!40101 SET CHARACTER_SET_RESULTS=@OLD_CHARACTER_SET_RESULTS */;
/*!40101 SET COLLATION_CONNECTION=@OLD_COLLATION_CONNECTION */;
